ISO-10303-21;
HEADER;
FILE_DESCRIPTION (( 'STEP AP214' ),
    '1' );
FILE_NAME ('ADE-1+.STEP',
    '2023-03-12T15:00:09',
    ( '' ),
    ( '' ),
    'SwSTEP 2.0',
    'SolidWorks 2021',
    '' );
FILE_SCHEMA (( 'AUTOMOTIVE_DESIGN' ));
ENDSEC;

DATA;
#1 =( NAMED_UNIT ( * ) PLANE_ANGLE_UNIT ( ) SI_UNIT ( $, .RADIAN. ) );
#2 =( GEOMETRIC_REPRESENTATION_CONTEXT ( 3 ) GLOBAL_UNCERTAINTY_ASSIGNED_CONTEXT ( ( #1371 ) ) GLOBAL_UNIT_ASSIGNED_CONTEXT ( ( #181, #1810, #733 ) ) REPRESENTATION_CONTEXT ( 'NONE', 'WORKASPACE' ) );
#3 = SURFACE_SIDE_STYLE ('',( #90 ) ) ;
#4 = AXIS2_PLACEMENT_3D ( 'NONE', #1307, #1149, #691 ) ;
#5 =( LENGTH_UNIT ( ) NAMED_UNIT ( * ) SI_UNIT ( .MILLI., .METRE. ) );
#6 = EDGE_LOOP ( 'NONE', ( #1109, #361, #208, #1179, #883 ) ) ;
#7 = PRESENTATION_LAYER_ASSIGNMENT (  '', '', ( #195 ) ) ;
#8 = COLOUR_RGB ( '',0.6666666666666666297, 0.6980392156862744724, 0.7686274509803920907 ) ;
#9 = EDGE_CURVE ( 'NONE', #111, #1893, #886, .T. ) ;
#10 = DIRECTION ( 'NONE',  ( -1.000000000000000000, -0.000000000000000000, -0.000000000000000000 ) ) ;
#11 =( GEOMETRIC_REPRESENTATION_CONTEXT ( 3 ) GLOBAL_UNCERTAINTY_ASSIGNED_CONTEXT ( ( #1445 ) ) GLOBAL_UNIT_ASSIGNED_CONTEXT ( ( #334, #631, #1386 ) ) REPRESENTATION_CONTEXT ( 'NONE', 'WORKASPACE' ) );
#12 = DIRECTION ( 'NONE',  ( 0.000000000000000000, 0.000000000000000000, -1.000000000000000000 ) ) ;
#13 = CARTESIAN_POINT ( 'NONE',  ( 0.000000000000000000, 4.110000000000001208, -3.455000000000000071 ) ) ;
#14 = CARTESIAN_POINT ( 'NONE',  ( -1.709999999999999298, 4.110000000000001208, 0.9150000000000000355 ) ) ;
#15 = ORIENTED_EDGE ( 'NONE', *, *, #1732, .F. ) ;
#16 = DIRECTION ( 'NONE',  ( 1.000000000000000000, -0.000000000000000000, 0.000000000000000000 ) ) ;
#17 =( LENGTH_UNIT ( ) NAMED_UNIT ( * ) SI_UNIT ( .MILLI., .METRE. ) );
#18 = PRESENTATION_STYLE_ASSIGNMENT (( #1609 ) ) ;
#19 = ADVANCED_FACE ( 'NONE', ( #1059 ), #1647, .T. ) ;
#20 = CARTESIAN_POINT ( 'NONE',  ( -1.202478773120286646E-16, 4.110000000000001208, 0.9150000000000002576 ) ) ;
#21 = EDGE_LOOP ( 'NONE', ( #780, #1343, #56, #1752 ) ) ;
#22 = ADVANCED_FACE ( 'NONE', ( #1403 ), #1087, .F. ) ;
#23 = CARTESIAN_POINT ( 'NONE',  ( 1.720000000000000195, 4.010000000000000675, -0.000000000000000000 ) ) ;
#24 = UNCERTAINTY_MEASURE_WITH_UNIT (LENGTH_MEASURE( 1.000000000000000082E-05 ), #5, 'distance_accuracy_value', 'NONE');
#25 = LINE ( 'NONE', #907, #729 ) ;
#26 = VERTEX_POINT ( 'NONE', #234 ) ;
#27 =( NAMED_UNIT ( * ) SI_UNIT ( $, .STERADIAN. ) SOLID_ANGLE_UNIT ( ) );
#28 = LINE ( 'NONE', #1484, #882 ) ;
#29 = PRESENTATION_STYLE_ASSIGNMENT (( #1787 ) ) ;
#30 = ORIENTED_EDGE ( 'NONE', *, *, #1669, .F. ) ;
#31 =( NAMED_UNIT ( * ) PLANE_ANGLE_UNIT ( ) SI_UNIT ( $, .RADIAN. ) );
#32 = EDGE_CURVE ( 'NONE', #565, #1835, #1547, .T. ) ;
#33 = CARTESIAN_POINT ( 'NONE',  ( -0.8199999999999999512, 4.010000000000000675, -0.000000000000000000 ) ) ;
#34 = VECTOR ( 'NONE', #469, 1000.000000000000000 ) ;
#35 =( NAMED_UNIT ( * ) SI_UNIT ( $, .STERADIAN. ) SOLID_ANGLE_UNIT ( ) );
#36 = VECTOR ( 'NONE', #354, 1000.000000000000000 ) ;
#37 = CARTESIAN_POINT ( 'NONE',  ( -3.360000000000000320, 4.010000000000000675, 2.794499999999999318 ) ) ;
#38 = STYLED_ITEM ( 'NONE', ( #184 ), #1312 ) ;
#39 = AXIS2_PLACEMENT_3D ( 'NONE', #153, #593, #1183 ) ;
#40 = ORIENTED_EDGE ( 'NONE', *, *, #848, .F. ) ;
#41 = EDGE_CURVE ( 'NONE', #1893, #1675, #647, .T. ) ;
#42 = DIRECTION ( 'NONE',  ( 0.000000000000000000, 0.000000000000000000, 1.000000000000000000 ) ) ;
#43 = PLANE ( 'NONE',  #67 ) ;
#44 = DIRECTION ( 'NONE',  ( 0.000000000000000000, 0.000000000000000000, 1.000000000000000000 ) ) ;
#45 = LINE ( 'NONE', #797, #611 ) ;
#46 = SURFACE_SIDE_STYLE ('',( #1779 ) ) ;
#47 = EDGE_LOOP ( 'NONE', ( #818, #1870, #690, #1203, #332 ) ) ;
#48 = SURFACE_STYLE_FILL_AREA ( #1672 ) ;
#49 = FILL_AREA_STYLE_COLOUR ( '', #255 ) ;
#50 = DIRECTION ( 'NONE',  ( 0.000000000000000000, 0.000000000000000000, -1.000000000000000000 ) ) ;
#51 =( LENGTH_UNIT ( ) NAMED_UNIT ( * ) SI_UNIT ( .MILLI., .METRE. ) );
#52 = DIRECTION ( 'NONE',  ( 1.707404996040164265E-16, 0.000000000000000000, -1.000000000000000000 ) ) ;
#53 = VERTEX_POINT ( 'NONE', #819 ) ;
#54 = DIRECTION ( 'NONE',  ( -1.000000000000000000, 0.000000000000000000, -0.000000000000000000 ) ) ;
#55 = UNCERTAINTY_MEASURE_WITH_UNIT (LENGTH_MEASURE( 1.000000000000000082E-05 ), #205, 'distance_accuracy_value', 'NONE');
#56 = ORIENTED_EDGE ( 'NONE', *, *, #516, .F. ) ;
#57 = ORIENTED_EDGE ( 'NONE', *, *, #1015, .T. ) ;
#58 = SURFACE_STYLE_FILL_AREA ( #211 ) ;
#59 = VECTOR ( 'NONE', #414, 1000.000000000000000 ) ;
#60 = CARTESIAN_POINT ( 'NONE',  ( 1.720000000000000195, 4.110000000000001208, 0.9149999999999998135 ) ) ;
#61 = AXIS2_PLACEMENT_3D ( 'NONE', #84, #377, #1868 ) ;
#62 = SURFACE_SIDE_STYLE ('',( #1697 ) ) ;
#63 = ADVANCED_FACE ( 'NONE', ( #675 ), #1108, .F. ) ;
#64 = VECTOR ( 'NONE', #1428, 1000.000000000000000 ) ;
#65 = SURFACE_SIDE_STYLE ('',( #1116 ) ) ;
#66 = ORIENTED_EDGE ( 'NONE', *, *, #475, .T. ) ;
#67 = AXIS2_PLACEMENT_3D ( 'NONE', #1865, #1291, #1586 ) ;
#68 = ADVANCED_FACE ( 'NONE', ( #868 ), #1474, .T. ) ;
#69 = DIRECTION ( 'NONE',  ( 1.707404996040164265E-16, 0.000000000000000000, 1.000000000000000000 ) ) ;
#70 = VECTOR ( 'NONE', #1605, 1000.000000000000000 ) ;
#71 = STYLED_ITEM ( 'NONE', ( #110 ), #1591 ) ;
#72 = MECHANICAL_DESIGN_GEOMETRIC_PRESENTATION_REPRESENTATION (  '', ( #1325 ), #1492 ) ;
#73 = VERTEX_POINT ( 'NONE', #1125 ) ;
#74 = SURFACE_STYLE_USAGE ( .BOTH. , #1550 ) ;
#75 = FACE_OUTER_BOUND ( 'NONE', #1501, .T. ) ;
#76 = FILL_AREA_STYLE ('',( #206 ) ) ;
#77 = LINE ( 'NONE', #1085, #1223 ) ;
#78 = SHAPE_DEFINITION_REPRESENTATION ( #851, #443 ) ;
#79 = ORIENTED_EDGE ( 'NONE', *, *, #684, .T. ) ;
#80 = SURFACE_STYLE_FILL_AREA ( #89 ) ;
#81 = EDGE_CURVE ( 'NONE', #1649, #462, #1438, .T. ) ;
#82 = CARTESIAN_POINT ( 'NONE',  ( -0.8199999999999999512, 4.110000000000001208, -0.9149999999999998135 ) ) ;
#83 = FACE_OUTER_BOUND ( 'NONE', #1261, .T. ) ;
#84 = CARTESIAN_POINT ( 'NONE',  ( -1.709999999999999076, 4.110000000000001208, 2.919662543228679527E-16 ) ) ;
#85 = ORIENTED_EDGE ( 'NONE', *, *, #1126, .F. ) ;
#86 = FACE_OUTER_BOUND ( 'NONE', #21, .T. ) ;
#87 = CARTESIAN_POINT ( 'NONE',  ( -3.360000000000000320, 4.110000000000001208, 0.9149999999999998135 ) ) ;
#88 = ORIENTED_EDGE ( 'NONE', *, *, #1602, .F. ) ;
#89 = FILL_AREA_STYLE ('',( #338 ) ) ;
#90 = SURFACE_STYLE_FILL_AREA ( #133 ) ;
#91 = MECHANICAL_DESIGN_GEOMETRIC_PRESENTATION_REPRESENTATION (  '', ( #753 ), #310 ) ;
#92 = DIRECTION ( 'NONE',  ( 0.000000000000000000, 0.000000000000000000, -1.000000000000000000 ) ) ;
#93 = ORIENTED_EDGE ( 'NONE', *, *, #1507, .F. ) ;
#94 = VECTOR ( 'NONE', #464, 1000.000000000000000 ) ;
#95 = MECHANICAL_DESIGN_GEOMETRIC_PRESENTATION_REPRESENTATION (  '', ( #572 ), #1391 ) ;
#96 = VERTEX_POINT ( 'NONE', #685 ) ;
#97 = PRESENTATION_LAYER_ASSIGNMENT (  '', '', ( #489 ) ) ;
#98 = MECHANICAL_DESIGN_GEOMETRIC_PRESENTATION_REPRESENTATION (  '', ( #1765 ), #887 ) ;
#99 = ORIENTED_EDGE ( 'NONE', *, *, #1556, .T. ) ;
#100 = STYLED_ITEM ( 'NONE', ( #562 ), #1387 ) ;
#101 = UNCERTAINTY_MEASURE_WITH_UNIT (LENGTH_MEASURE( 1.000000000000000082E-05 ), #1786, 'distance_accuracy_value', 'NONE');
#102 = MECHANICAL_DESIGN_GEOMETRIC_PRESENTATION_REPRESENTATION (  '', ( #1574 ), #360 ) ;
#103 = ADVANCED_FACE ( 'NONE', ( #1747 ), #988, .F. ) ;
#104 = VECTOR ( 'NONE', #1493, 1000.000000000000000 ) ;
#105 =( NAMED_UNIT ( * ) PLANE_ANGLE_UNIT ( ) SI_UNIT ( $, .RADIAN. ) );
#106 = ORIENTED_EDGE ( 'NONE', *, *, #81, .F. ) ;
#107 = EDGE_CURVE ( 'NONE', #1230, #1463, #141, .T. ) ;
#108 = DIRECTION ( 'NONE',  ( -1.000000000000000000, 0.000000000000000000, -1.314184451497580520E-16 ) ) ;
#109 = DIRECTION ( 'NONE',  ( 1.000000000000000000, 0.000000000000000000, 0.000000000000000000 ) ) ;
#110 = PRESENTATION_STYLE_ASSIGNMENT (( #1121 ) ) ;
#111 = VERTEX_POINT ( 'NONE', #1527 ) ;
#112 = FACE_OUTER_BOUND ( 'NONE', #1626, .T. ) ;
#113 = CARTESIAN_POINT ( 'NONE',  ( -3.360000000000000320, 4.010000000000000675, -0.9149999999999998135 ) ) ;
#114 =( LENGTH_UNIT ( ) NAMED_UNIT ( * ) SI_UNIT ( .MILLI., .METRE. ) );
#115 = SURFACE_SIDE_STYLE ('',( #293 ) ) ;
#116 = ORIENTED_EDGE ( 'NONE', *, *, #1899, .T. ) ;
#117 = LINE ( 'NONE', #839, #59 ) ;
#118 = SURFACE_SIDE_STYLE ('',( #1768 ) ) ;
#119 =( GEOMETRIC_REPRESENTATION_CONTEXT ( 3 ) GLOBAL_UNCERTAINTY_ASSIGNED_CONTEXT ( ( #609 ) ) GLOBAL_UNIT_ASSIGNED_CONTEXT ( ( #1657, #768, #895 ) ) REPRESENTATION_CONTEXT ( 'NONE', 'WORKASPACE' ) );
#120 = CARTESIAN_POINT ( 'NONE',  ( -1.709999999999999298, 4.010000000000000675, -2.794500000000001094 ) ) ;
#121 = SURFACE_STYLE_USAGE ( .BOTH. , #710 ) ;
#122 = STYLED_ITEM ( 'NONE', ( #1400 ), #703 ) ;
#123 = VECTOR ( 'NONE', #1337, 1000.000000000000000 ) ;
#124 = VECTOR ( 'NONE', #794, 1000.000000000000000 ) ;
#125 = VECTOR ( 'NONE', #916, 1000.000000000000000 ) ;
#126 = VERTEX_POINT ( 'NONE', #164 ) ;
#127 = ORIENTED_EDGE ( 'NONE', *, *, #1732, .T. ) ;
#128 = VECTOR ( 'NONE', #699, 1000.000000000000000 ) ;
#129 = SURFACE_STYLE_USAGE ( .BOTH. , #682 ) ;
#130 =( GEOMETRIC_REPRESENTATION_CONTEXT ( 3 ) GLOBAL_UNCERTAINTY_ASSIGNED_CONTEXT ( ( #176 ) ) GLOBAL_UNIT_ASSIGNED_CONTEXT ( ( #1289, #693, #861 ) ) REPRESENTATION_CONTEXT ( 'NONE', 'WORKASPACE' ) );
#131 = SURFACE_SIDE_STYLE ('',( #262 ) ) ;
#132 = FILL_AREA_STYLE ('',( #1728 ) ) ;
#133 = FILL_AREA_STYLE ('',( #621 ) ) ;
#134 = DIRECTION ( 'NONE',  ( -0.000000000000000000, -1.000000000000000000, -0.000000000000000000 ) ) ;
#135 =( NAMED_UNIT ( * ) SI_UNIT ( $, .STERADIAN. ) SOLID_ANGLE_UNIT ( ) );
#136 =( NAMED_UNIT ( * ) SI_UNIT ( $, .STERADIAN. ) SOLID_ANGLE_UNIT ( ) );
#137 = ORIENTED_EDGE ( 'NONE', *, *, #373, .F. ) ;
#138 = DIRECTION ( 'NONE',  ( 0.000000000000000000, 0.000000000000000000, 1.000000000000000000 ) ) ;
#139 = DIRECTION ( 'NONE',  ( -1.314184451497580520E-16, 0.000000000000000000, -1.000000000000000000 ) ) ;
#140 = CARTESIAN_POINT ( 'NONE',  ( 0.8300000000000008482, 4.010000000000000675, -0.9150000000000000355 ) ) ;
#141 = LINE ( 'NONE', #1355, #185 ) ;
#142 = CARTESIAN_POINT ( 'NONE',  ( 0.000000000000000000, 4.110000000000001208, -3.455000000000000071 ) ) ;
#143 = PLANE ( 'NONE',  #1601 ) ;
#144 = ORIENTED_EDGE ( 'NONE', *, *, #1174, .F. ) ;
#145 = CARTESIAN_POINT ( 'NONE',  ( 0.000000000000000000, 4.010000000000000675, 0.000000000000000000 ) ) ;
#146 = FACE_OUTER_BOUND ( 'NONE', #602, .T. ) ;
#147 = CARTESIAN_POINT ( 'NONE',  ( -3.360000000000000320, 4.110000000000001208, -0.9149999999999998135 ) ) ;
#148 = FACE_OUTER_BOUND ( 'NONE', #157, .T. ) ;
#149 =( NAMED_UNIT ( * ) SI_UNIT ( $, .STERADIAN. ) SOLID_ANGLE_UNIT ( ) );
#150 = STYLED_ITEM ( 'NONE', ( #1186 ), #502 ) ;
#151 = CARTESIAN_POINT ( 'NONE',  ( -3.360000000000000320, 4.110000000000001208, -3.455000000000000071 ) ) ;
#152 = UNCERTAINTY_MEASURE_WITH_UNIT (LENGTH_MEASURE( 1.000000000000000082E-05 ), #231, 'distance_accuracy_value', 'NONE');
#153 = CARTESIAN_POINT ( 'NONE',  ( 0.8300000000000009592, 4.110000000000001208, -1.417146146713337962E-16 ) ) ;
#154 =( NAMED_UNIT ( * ) PLANE_ANGLE_UNIT ( ) SI_UNIT ( $, .RADIAN. ) );
#155 = EDGE_CURVE ( 'NONE', #462, #1530, #1505, .T. ) ;
#156 = MANIFOLD_SOLID_BREP ( 'Boss-Extrude2', #662 ) ;
#157 = EDGE_LOOP ( 'NONE', ( #479, #519, #1901, #1799 ) ) ;
#158 = VECTOR ( 'NONE', #766, 1000.000000000000000 ) ;
#159 = CARTESIAN_POINT ( 'NONE',  ( -1.709999999999999742, 4.010000000000000675, -3.455000000000000071 ) ) ;
#160 = EDGE_CURVE ( 'NONE', #26, #1373, #344, .T. ) ;
#161 = PRESENTATION_STYLE_ASSIGNMENT (( #1025 ) ) ;
#162 =( NAMED_UNIT ( * ) SI_UNIT ( $, .STERADIAN. ) SOLID_ANGLE_UNIT ( ) );
#163 = VECTOR ( 'NONE', #1565, 1000.000000000000000 ) ;
#164 = CARTESIAN_POINT ( 'NONE',  ( 3.934999999999999165, 4.010000000000000675, -2.794500000000001094 ) ) ;
#165 = PRESENTATION_LAYER_ASSIGNMENT (  '', '', ( #1802 ) ) ;
#166 = ORIENTED_EDGE ( 'NONE', *, *, #1712, .T. ) ;
#167 = PRESENTATION_STYLE_ASSIGNMENT (( #1516 ) ) ;
#168 = DIRECTION ( 'NONE',  ( 1.000000000000000000, 0.000000000000000000, -1.314184451497580520E-16 ) ) ;
#169 = DIRECTION ( 'NONE',  ( -0.000000000000000000, -1.000000000000000000, -0.000000000000000000 ) ) ;
#170 = EDGE_LOOP ( 'NONE', ( #1189, #617, #137, #1226, #99 ) ) ;
#171 = DIRECTION ( 'NONE',  ( 1.000000000000000000, 0.000000000000000000, -1.314184451497580520E-16 ) ) ;
#172 = ADVANCED_FACE ( 'NONE', ( #465 ), #1644, .T. ) ;
#173 = ORIENTED_EDGE ( 'NONE', *, *, #1001, .F. ) ;
#174 =( NAMED_UNIT ( * ) PLANE_ANGLE_UNIT ( ) SI_UNIT ( $, .RADIAN. ) );
#175 = ORIENTED_EDGE ( 'NONE', *, *, #1027, .F. ) ;
#176 = UNCERTAINTY_MEASURE_WITH_UNIT (LENGTH_MEASURE( 1.000000000000000082E-05 ), #1289, 'distance_accuracy_value', 'NONE');
#177 = CARTESIAN_POINT ( 'NONE',  ( -3.935000000000000941, 4.010000000000000675, -2.794500000000001094 ) ) ;
#178 = LINE ( 'NONE', #585, #104 ) ;
#179 = ORIENTED_EDGE ( 'NONE', *, *, #1413, .T. ) ;
#180 = CARTESIAN_POINT ( 'NONE',  ( -3.360000000000000320, 4.010000000000000675, -0.000000000000000000 ) ) ;
#181 =( LENGTH_UNIT ( ) NAMED_UNIT ( * ) SI_UNIT ( .MILLI., .METRE. ) );
#182 = EDGE_CURVE ( 'NONE', #96, #734, #933, .T. ) ;
#183 = ORIENTED_EDGE ( 'NONE', *, *, #687, .T. ) ;
#184 = PRESENTATION_STYLE_ASSIGNMENT (( #935 ) ) ;
#185 = VECTOR ( 'NONE', #615, 1000.000000000000000 ) ;
#186 =( LENGTH_UNIT ( ) NAMED_UNIT ( * ) SI_UNIT ( .MILLI., .METRE. ) );
#187 =( LENGTH_UNIT ( ) NAMED_UNIT ( * ) SI_UNIT ( .MILLI., .METRE. ) );
#188 = COLOUR_RGB ( '',0.6666666666666666297, 0.6980392156862744724, 0.7686274509803920907 ) ;
#189 = AXIS2_PLACEMENT_3D ( 'NONE', #1653, #1640, #342 ) ;
#190 =( LENGTH_UNIT ( ) NAMED_UNIT ( * ) SI_UNIT ( .MILLI., .METRE. ) );
#191 = VERTEX_POINT ( 'NONE', #336 ) ;
#192 = DIRECTION ( 'NONE',  ( -1.000000000000000000, 0.000000000000000000, -0.000000000000000000 ) ) ;
#193 =( GEOMETRIC_REPRESENTATION_CONTEXT ( 3 ) GLOBAL_UNCERTAINTY_ASSIGNED_CONTEXT ( ( #966 ) ) GLOBAL_UNIT_ASSIGNED_CONTEXT ( ( #250, #1903, #1592 ) ) REPRESENTATION_CONTEXT ( 'NONE', 'WORKASPACE' ) );
#194 = LINE ( 'NONE', #1785, #1099 ) ;
#195 = STYLED_ITEM ( 'NONE', ( #938 ), #1195 ) ;
#196 = MECHANICAL_DESIGN_GEOMETRIC_PRESENTATION_REPRESENTATION (  '', ( #38 ), #1518 ) ;
#197 = CARTESIAN_POINT ( 'NONE',  ( -0.8199999999999999512, 4.010000000000000675, -0.9149999999999998135 ) ) ;
#198 = COLOUR_RGB ( '',0.6666666666666666297, 0.6980392156862744724, 0.7686274509803920907 ) ;
#199 = ORIENTED_EDGE ( 'NONE', *, *, #1293, .F. ) ;
#200 = ORIENTED_EDGE ( 'NONE', *, *, #1040, .F. ) ;
#201 = SURFACE_SIDE_STYLE ('',( #1519 ) ) ;
#202 = FACE_OUTER_BOUND ( 'NONE', #1048, .T. ) ;
#203 =( LENGTH_UNIT ( ) NAMED_UNIT ( * ) SI_UNIT ( .MILLI., .METRE. ) );
#204 = CARTESIAN_POINT ( 'NONE',  ( -1.709999999999999076, 4.110000000000001208, -2.919662543228679527E-16 ) ) ;
#205 =( LENGTH_UNIT ( ) NAMED_UNIT ( * ) SI_UNIT ( .MILLI., .METRE. ) );
#206 = FILL_AREA_STYLE_COLOUR ( '', #1861 ) ;
#207 = DIRECTION ( 'NONE',  ( 1.707404996040164265E-16, 0.000000000000000000, -1.000000000000000000 ) ) ;
#208 = ORIENTED_EDGE ( 'NONE', *, *, #914, .T. ) ;
#209 = PRESENTATION_STYLE_ASSIGNMENT (( #944 ) ) ;
#210 = VERTEX_POINT ( 'NONE', #197 ) ;
#211 = FILL_AREA_STYLE ('',( #1678 ) ) ;
#212 = SURFACE_STYLE_FILL_AREA ( #1654 ) ;
#213 = PLANE ( 'NONE',  #1598 ) ;
#214 = PRESENTATION_STYLE_ASSIGNMENT (( #367 ) ) ;
#215 = UNCERTAINTY_MEASURE_WITH_UNIT (LENGTH_MEASURE( 1.000000000000000082E-05 ), #114, 'distance_accuracy_value', 'NONE');
#216 = MECHANICAL_DESIGN_GEOMETRIC_PRESENTATION_REPRESENTATION (  '', ( #489 ), #1426 ) ;
#217 = EDGE_LOOP ( 'NONE', ( #1805, #1677, #1758, #179 ) ) ;
#218 = CARTESIAN_POINT ( 'NONE',  ( -0.8199999999999999512, 4.010000000000000675, -0.000000000000000000 ) ) ;
#219 = VECTOR ( 'NONE', #1367, 1000.000000000000000 ) ;
#220 = CARTESIAN_POINT ( 'NONE',  ( -1.202478773120286646E-16, 4.110000000000001208, 0.9150000000000002576 ) ) ;
#221 = PRESENTATION_LAYER_ASSIGNMENT (  '', '', ( #792 ) ) ;
#222 = CARTESIAN_POINT ( 'NONE',  ( -3.360000000000000320, 4.110000000000001208, -0.9149999999999998135 ) ) ;
#223 =( GEOMETRIC_REPRESENTATION_CONTEXT ( 3 ) GLOBAL_UNCERTAINTY_ASSIGNED_CONTEXT ( ( #1415 ) ) GLOBAL_UNIT_ASSIGNED_CONTEXT ( ( #1442, #1013, #1201 ) ) REPRESENTATION_CONTEXT ( 'NONE', 'WORKASPACE' ) );
#224 = VERTEX_POINT ( 'NONE', #1820 ) ;
#225 = VECTOR ( 'NONE', #1694, 1000.000000000000000 ) ;
#226 = FILL_AREA_STYLE ('',( #392 ) ) ;
#227 = VECTOR ( 'NONE', #1377, 1000.000000000000000 ) ;
#228 =( NAMED_UNIT ( * ) PLANE_ANGLE_UNIT ( ) SI_UNIT ( $, .RADIAN. ) );
#229 = ORIENTED_EDGE ( 'NONE', *, *, #633, .F. ) ;
#230 = PLANE ( 'NONE',  #547 ) ;
#231 =( LENGTH_UNIT ( ) NAMED_UNIT ( * ) SI_UNIT ( .MILLI., .METRE. ) );
#232 = ORIENTED_EDGE ( 'NONE', *, *, #376, .F. ) ;
#233 = EDGE_CURVE ( 'NONE', #1530, #53, #904, .T. ) ;
#234 = CARTESIAN_POINT ( 'NONE',  ( 3.370000000000000551, 4.010000000000000675, 2.794499999999999318 ) ) ;
#235 = SURFACE_STYLE_FILL_AREA ( #1559 ) ;
#236 = DIRECTION ( 'NONE',  ( 1.707404996040164265E-16, 0.000000000000000000, 1.000000000000000000 ) ) ;
#237 = CARTESIAN_POINT ( 'NONE',  ( -0.8199999999999999512, 4.010000000000000675, -0.9149999999999998135 ) ) ;
#238 = CARTESIAN_POINT ( 'NONE',  ( -3.360000000000000320, 4.010000000000000675, -3.455000000000000071 ) ) ;
#239 = EDGE_LOOP ( 'NONE', ( #320, #625, #1700, #427, #1590 ) ) ;
#240 = EDGE_LOOP ( 'NONE', ( #950, #1739, #57, #1811 ) ) ;
#241 = DIRECTION ( 'NONE',  ( 0.000000000000000000, 0.000000000000000000, 1.000000000000000000 ) ) ;
#242 = EDGE_CURVE ( 'NONE', #311, #1252, #1619, .T. ) ;
#243 = CARTESIAN_POINT ( 'NONE',  ( 0.8300000000000008482, 4.110000000000001208, 0.9150000000000000355 ) ) ;
#244 = ADVANCED_FACE ( 'NONE', ( #324 ), #1236, .F. ) ;
#245 = VECTOR ( 'NONE', #207, 1000.000000000000000 ) ;
#246 =( NAMED_UNIT ( * ) SI_UNIT ( $, .STERADIAN. ) SOLID_ANGLE_UNIT ( ) );
#247 = ORIENTED_EDGE ( 'NONE', *, *, #1729, .T. ) ;
#248 = STYLED_ITEM ( 'NONE', ( #544 ), #398 ) ;
#249 = PLANE ( 'NONE',  #4 ) ;
#250 =( LENGTH_UNIT ( ) NAMED_UNIT ( * ) SI_UNIT ( .MILLI., .METRE. ) );
#251 = VECTOR ( 'NONE', #134, 1000.000000000000000 ) ;
#252 = CARTESIAN_POINT ( 'NONE',  ( -3.360000000000000320, 4.110000000000001208, 0.000000000000000000 ) ) ;
#253 = VECTOR ( 'NONE', #1794, 1000.000000000000000 ) ;
#254 = UNCERTAINTY_MEASURE_WITH_UNIT (LENGTH_MEASURE( 1.000000000000000082E-05 ), #1760, 'distance_accuracy_value', 'NONE');
#255 = COLOUR_RGB ( '',0.6666666666666666297, 0.6980392156862744724, 0.7686274509803920907 ) ;
#256 = COLOUR_RGB ( '',0.7921568627450980005, 0.8196078431372548767, 0.9333333333333333481 ) ;
#257 = EDGE_LOOP ( 'NONE', ( #1797, #413, #1824, #1856, #739, #1421, #1472, #1215, #1709, #1743 ) ) ;
#258 = FILL_AREA_STYLE ('',( #1753 ) ) ;
#259 = ORIENTED_EDGE ( 'NONE', *, *, #1556, .F. ) ;
#260 = VERTEX_POINT ( 'NONE', #1091 ) ;
#261 = DIRECTION ( 'NONE',  ( -0.000000000000000000, -1.000000000000000000, -0.000000000000000000 ) ) ;
#262 = SURFACE_STYLE_FILL_AREA ( #1726 ) ;
#263 =( NAMED_UNIT ( * ) SI_UNIT ( $, .STERADIAN. ) SOLID_ANGLE_UNIT ( ) );
#264 = CARTESIAN_POINT ( 'NONE',  ( -3.935000000000000941, 4.010000000000000675, -2.794500000000001094 ) ) ;
#265 = UNCERTAINTY_MEASURE_WITH_UNIT (LENGTH_MEASURE( 1.000000000000000082E-05 ), #1900, 'distance_accuracy_value', 'NONE');
#266 = SURFACE_SIDE_STYLE ('',( #1008 ) ) ;
#267 = SURFACE_STYLE_USAGE ( .BOTH. , #1890 ) ;
#268 = VERTEX_POINT ( 'NONE', #799 ) ;
#269 = LINE ( 'NONE', #1755, #466 ) ;
#270 = VECTOR ( 'NONE', #16, 1000.000000000000000 ) ;
#271 = DIRECTION ( 'NONE',  ( 0.000000000000000000, 0.000000000000000000, -1.000000000000000000 ) ) ;
#272 = MECHANICAL_DESIGN_GEOMETRIC_PRESENTATION_REPRESENTATION (  '', ( #1795 ), #844 ) ;
#273 = DIRECTION ( 'NONE',  ( -1.707404996040164512E-16, 0.000000000000000000, -1.000000000000000000 ) ) ;
#274 = COLOUR_RGB ( '',0.6666666666666666297, 0.6980392156862744724, 0.7686274509803920907 ) ;
#275 = AXIS2_PLACEMENT_3D ( 'NONE', #1683, #964, #241 ) ;
#276 = FILL_AREA_STYLE ('',( #1460 ) ) ;
#277 =( GEOMETRIC_REPRESENTATION_CONTEXT ( 3 ) GLOBAL_UNCERTAINTY_ASSIGNED_CONTEXT ( ( #1864 ) ) GLOBAL_UNIT_ASSIGNED_CONTEXT ( ( #503, #805, #651 ) ) REPRESENTATION_CONTEXT ( 'NONE', 'WORKASPACE' ) );
#278 =( LENGTH_UNIT ( ) NAMED_UNIT ( * ) SI_UNIT ( .MILLI., .METRE. ) );
#279 =( NAMED_UNIT ( * ) PLANE_ANGLE_UNIT ( ) SI_UNIT ( $, .RADIAN. ) );
#280 = VECTOR ( 'NONE', #906, 1000.000000000000000 ) ;
#281 = ORIENTED_EDGE ( 'NONE', *, *, #459, .T. ) ;
#282 = LINE ( 'NONE', #859, #1451 ) ;
#283 = VECTOR ( 'NONE', #619, 1000.000000000000000 ) ;
#284 = CARTESIAN_POINT ( 'NONE',  ( 0.8300000000000004041, 4.110000000000001208, -3.455000000000000071 ) ) ;
#285 = LINE ( 'NONE', #1736, #1235 ) ;
#286 =( GEOMETRIC_REPRESENTATION_CONTEXT ( 3 ) GLOBAL_UNCERTAINTY_ASSIGNED_CONTEXT ( ( #55 ) ) GLOBAL_UNIT_ASSIGNED_CONTEXT ( ( #205, #476, #940 ) ) REPRESENTATION_CONTEXT ( 'NONE', 'WORKASPACE' ) );
#287 = PRESENTATION_STYLE_ASSIGNMENT (( #1437 ) ) ;
#288 =( NAMED_UNIT ( * ) PLANE_ANGLE_UNIT ( ) SI_UNIT ( $, .RADIAN. ) );
#289 = ADVANCED_FACE ( 'NONE', ( #506 ), #1388, .F. ) ;
#290 = ORIENTED_EDGE ( 'NONE', *, *, #812, .T. ) ;
#291 = LINE ( 'NONE', #864, #1321 ) ;
#292 = CARTESIAN_POINT ( 'NONE',  ( -3.360000000000000320, 4.010000000000000675, 0.9149999999999998135 ) ) ;
#293 = SURFACE_STYLE_FILL_AREA ( #1273 ) ;
#294 = EDGE_LOOP ( 'NONE', ( #507, #380, #1845, #1777 ) ) ;
#295 =( NAMED_UNIT ( * ) PLANE_ANGLE_UNIT ( ) SI_UNIT ( $, .RADIAN. ) );
#296 = PRESENTATION_STYLE_ASSIGNMENT (( #1454 ) ) ;
#297 = VERTEX_POINT ( 'NONE', #942 ) ;
#298 = CARTESIAN_POINT ( 'NONE',  ( 3.934999999999999165, 4.010000000000000675, 2.794499999999999318 ) ) ;
#299 = EDGE_CURVE ( 'NONE', #1286, #788, #975, .T. ) ;
#300 = DIRECTION ( 'NONE',  ( 1.000000000000000000, -0.000000000000000000, 0.000000000000000000 ) ) ;
#301 = SURFACE_STYLE_FILL_AREA ( #1593 ) ;
#302 = EDGE_CURVE ( 'NONE', #969, #793, #77, .T. ) ;
#303 = CARTESIAN_POINT ( 'NONE',  ( -0.8199999999999999512, 4.110000000000001208, 0.9149999999999998135 ) ) ;
#304 = ORIENTED_EDGE ( 'NONE', *, *, #41, .F. ) ;
#305 = EDGE_CURVE ( 'NONE', #490, #1581, #1698, .T. ) ;
#306 = LINE ( 'NONE', #1365, #94 ) ;
#307 = DIRECTION ( 'NONE',  ( 1.000000000000000000, 0.000000000000000000, 0.000000000000000000 ) ) ;
#308 =( NAMED_UNIT ( * ) PLANE_ANGLE_UNIT ( ) SI_UNIT ( $, .RADIAN. ) );
#309 = CARTESIAN_POINT ( 'NONE',  ( -0.8199999999999999512, 4.110000000000001208, 3.455000000000000071 ) ) ;
#310 =( GEOMETRIC_REPRESENTATION_CONTEXT ( 3 ) GLOBAL_UNCERTAINTY_ASSIGNED_CONTEXT ( ( #536 ) ) GLOBAL_UNIT_ASSIGNED_CONTEXT ( ( #436, #288, #725 ) ) REPRESENTATION_CONTEXT ( 'NONE', 'WORKASPACE' ) );
#311 = VERTEX_POINT ( 'NONE', #388 ) ;
#312 = CARTESIAN_POINT ( 'NONE',  ( 0.8300000000000008482, 4.110000000000001208, -0.9150000000000000355 ) ) ;
#313 = AXIS2_PLACEMENT_3D ( 'NONE', #20, #1202, #912 ) ;
#314 = ORIENTED_EDGE ( 'NONE', *, *, #1847, .F. ) ;
#315 = CARTESIAN_POINT ( 'NONE',  ( -3.935000000000000941, 4.010000000000000675, -2.794500000000001094 ) ) ;
#316 =( GEOMETRIC_REPRESENTATION_CONTEXT ( 3 ) GLOBAL_UNCERTAINTY_ASSIGNED_CONTEXT ( ( #1532 ) ) GLOBAL_UNIT_ASSIGNED_CONTEXT ( ( #1708, #518, #1241 ) ) REPRESENTATION_CONTEXT ( 'NONE', 'WORKASPACE' ) );
#317 = COLOUR_RGB ( '',0.6666666666666666297, 0.6980392156862744724, 0.7686274509803920907 ) ;
#318 = VECTOR ( 'NONE', #423, 1000.000000000000000 ) ;
#319 = CARTESIAN_POINT ( 'NONE',  ( 3.370000000000000995, 4.010000000000000675, -0.9150000000000000355 ) ) ;
#320 = ORIENTED_EDGE ( 'NONE', *, *, #383, .T. ) ;
#321 = EDGE_CURVE ( 'NONE', #1368, #1573, #1409, .T. ) ;
#322 = VECTOR ( 'NONE', #1610, 1000.000000000000000 ) ;
#323 =( GEOMETRIC_REPRESENTATION_CONTEXT ( 3 ) GLOBAL_UNCERTAINTY_ASSIGNED_CONTEXT ( ( #265 ) ) GLOBAL_UNIT_ASSIGNED_CONTEXT ( ( #1900, #679, #837 ) ) REPRESENTATION_CONTEXT ( 'NONE', 'WORKASPACE' ) );
#324 = FACE_OUTER_BOUND ( 'NONE', #170, .T. ) ;
#325 = COLOUR_RGB ( '',1.000000000000000000, 1.000000000000000000, 1.000000000000000000 ) ;
#326 = VERTEX_POINT ( 'NONE', #87 ) ;
#327 =( LENGTH_UNIT ( ) NAMED_UNIT ( * ) SI_UNIT ( .MILLI., .METRE. ) );
#328 = PRODUCT_DEFINITION_FORMATION_WITH_SPECIFIED_SOURCE ( 'ANY', '', #1452, .NOT_KNOWN. ) ;
#329 = EDGE_LOOP ( 'NONE', ( #1356, #1670, #1402, #66 ) ) ;
#330 = CARTESIAN_POINT ( 'NONE',  ( 0.8300000000000004041, 4.010000000000000675, 3.455000000000000071 ) ) ;
#331 = CARTESIAN_POINT ( 'NONE',  ( 1.720000000000000195, 4.010000000000000675, -0.000000000000000000 ) ) ;
#332 = ORIENTED_EDGE ( 'NONE', *, *, #435, .F. ) ;
#333 = PLANE ( 'NONE',  #61 ) ;
#334 =( LENGTH_UNIT ( ) NAMED_UNIT ( * ) SI_UNIT ( .MILLI., .METRE. ) );
#335 = CARTESIAN_POINT ( 'NONE',  ( -3.935000000000000941, 4.010000000000000675, -2.794500000000001094 ) ) ;
#336 = CARTESIAN_POINT ( 'NONE',  ( 0.8300000000000008482, 4.010000000000000675, 0.9150000000000000355 ) ) ;
#337 = ORIENTED_EDGE ( 'NONE', *, *, #1127, .F. ) ;
#338 = FILL_AREA_STYLE_COLOUR ( '', #317 ) ;
#339 = PRESENTATION_STYLE_ASSIGNMENT (( #481 ) ) ;
#340 = CARTESIAN_POINT ( 'NONE',  ( 3.370000000000000995, 4.110000000000001208, -5.753954836655355452E-16 ) ) ;
#341 = VERTEX_POINT ( 'NONE', #1248 ) ;
#342 = DIRECTION ( 'NONE',  ( -1.000000000000000000, 0.000000000000000000, -0.000000000000000000 ) ) ;
#343 = DIRECTION ( 'NONE',  ( 0.000000000000000000, 1.000000000000000000, -0.000000000000000000 ) ) ;
#344 = LINE ( 'NONE', #741, #245 ) ;
#345 = ORIENTED_EDGE ( 'NONE', *, *, #1238, .F. ) ;
#346 = PRODUCT_DEFINITION ( 'UNKNOWN', '', #328, #456 ) ;
#347 = LINE ( 'NONE', #583, #1863 ) ;
#348 =( GEOMETRIC_REPRESENTATION_CONTEXT ( 3 ) GLOBAL_UNCERTAINTY_ASSIGNED_CONTEXT ( ( #215 ) ) GLOBAL_UNIT_ASSIGNED_CONTEXT ( ( #114, #863, #1897 ) ) REPRESENTATION_CONTEXT ( 'NONE', 'WORKASPACE' ) );
#349 = VERTEX_POINT ( 'NONE', #1859 ) ;
#350 = COLOUR_RGB ( '',1.000000000000000000, 1.000000000000000000, 1.000000000000000000 ) ;
#351 = AXIS2_PLACEMENT_3D ( 'NONE', #1259, #929, #1830 ) ;
#352 = CARTESIAN_POINT ( 'NONE',  ( -3.935000000000000053, 0.000000000000000000, 2.794499999999999318 ) ) ;
#353 = ORIENTED_EDGE ( 'NONE', *, *, #1754, .F. ) ;
#354 = DIRECTION ( 'NONE',  ( 1.000000000000000000, 0.000000000000000000, -1.314184451497580520E-16 ) ) ;
#355 = PRESENTATION_LAYER_ASSIGNMENT (  '', '', ( #1043 ) ) ;
#356 = CARTESIAN_POINT ( 'NONE',  ( 0.8300000000000004041, 4.010000000000000675, -3.455000000000000071 ) ) ;
#357 = DIRECTION ( 'NONE',  ( 1.000000000000000000, 0.000000000000000000, 0.000000000000000000 ) ) ;
#358 = PRESENTATION_LAYER_ASSIGNMENT (  '', '', ( #463 ) ) ;
#359 = FILL_AREA_STYLE ('',( #478 ) ) ;
#360 =( GEOMETRIC_REPRESENTATION_CONTEXT ( 3 ) GLOBAL_UNCERTAINTY_ASSIGNED_CONTEXT ( ( #873 ) ) GLOBAL_UNIT_ASSIGNED_CONTEXT ( ( #827, #1759, #416 ) ) REPRESENTATION_CONTEXT ( 'NONE', 'WORKASPACE' ) );
#361 = ORIENTED_EDGE ( 'NONE', *, *, #1806, .F. ) ;
#362 = CARTESIAN_POINT ( 'NONE',  ( -3.935000000000000941, 4.010000000000000675, -2.794500000000001094 ) ) ;
#363 = STYLED_ITEM ( 'NONE', ( #161 ), #1823 ) ;
#364 = EDGE_LOOP ( 'NONE', ( #1691, #419, #290, #1132 ) ) ;
#365 = UNCERTAINTY_MEASURE_WITH_UNIT (LENGTH_MEASURE( 1.000000000000000082E-05 ), #17, 'distance_accuracy_value', 'NONE');
#366 = LINE ( 'NONE', #180, #433 ) ;
#367 = SURFACE_STYLE_USAGE ( .BOTH. , #404 ) ;
#368 = ORIENTED_EDGE ( 'NONE', *, *, #1875, .F. ) ;
#369 = SURFACE_SIDE_STYLE ('',( #1682 ) ) ;
#370 = SURFACE_SIDE_STYLE ('',( #80 ) ) ;
#371 = ORIENTED_EDGE ( 'NONE', *, *, #1656, .T. ) ;
#372 =( NAMED_UNIT ( * ) PLANE_ANGLE_UNIT ( ) SI_UNIT ( $, .RADIAN. ) );
#373 = EDGE_CURVE ( 'NONE', #1744, #260, #567, .T. ) ;
#374 = EDGE_LOOP ( 'NONE', ( #353, #1169, #247, #542 ) ) ;
#375 = CARTESIAN_POINT ( 'NONE',  ( -3.935000000000000053, 4.010000000000000675, 2.794499999999999318 ) ) ;
#376 = EDGE_CURVE ( 'NONE', #53, #1649, #117, .T. ) ;
#377 = DIRECTION ( 'NONE',  ( 1.000000000000000000, 0.000000000000000000, -1.707404996040164512E-16 ) ) ;
#378 = CARTESIAN_POINT ( 'NONE',  ( -1.709999999999999076, 4.110000000000001208, -2.919662543228679527E-16 ) ) ;
#379 = VECTOR ( 'NONE', #10, 1000.000000000000000 ) ;
#380 = ORIENTED_EDGE ( 'NONE', *, *, #568, .T. ) ;
#381 = PLANE ( 'NONE',  #695 ) ;
#382 = PRESENTATION_LAYER_ASSIGNMENT (  '', '', ( #637 ) ) ;
#383 = EDGE_CURVE ( 'NONE', #1147, #26, #833, .T. ) ;
#384 = ORIENTED_EDGE ( 'NONE', *, *, #1037, .T. ) ;
#385 = STYLED_ITEM ( 'NONE', ( #18 ), #970 ) ;
#386 = DIRECTION ( 'NONE',  ( 0.000000000000000000, 1.000000000000000000, -0.000000000000000000 ) ) ;
#387 = AXIS2_PLACEMENT_3D ( 'NONE', #1277, #1136, #108 ) ;
#388 = CARTESIAN_POINT ( 'NONE',  ( -0.8199999999999999512, 4.110000000000001208, 3.455000000000000071 ) ) ;
#389 = ORIENTED_EDGE ( 'NONE', *, *, #302, .T. ) ;
#390 = MECHANICAL_DESIGN_GEOMETRIC_PRESENTATION_REPRESENTATION (  '', ( #1889 ), #1549 ) ;
#391 = PRESENTATION_LAYER_ASSIGNMENT (  '', '', ( #959 ) ) ;
#392 = FILL_AREA_STYLE_COLOUR ( '', #644 ) ;
#393 = VECTOR ( 'NONE', #1344, 1000.000000000000000 ) ;
#394 = VECTOR ( 'NONE', #1638, 1000.000000000000000 ) ;
#395 =( NAMED_UNIT ( * ) PLANE_ANGLE_UNIT ( ) SI_UNIT ( $, .RADIAN. ) );
#396 = VERTEX_POINT ( 'NONE', #284 ) ;
#397 = SURFACE_SIDE_STYLE ('',( #1247 ) ) ;
#398 = ADVANCED_FACE ( 'NONE', ( #1767 ), #249, .T. ) ;
#399 =( NAMED_UNIT ( * ) SI_UNIT ( $, .STERADIAN. ) SOLID_ANGLE_UNIT ( ) );
#400 = VERTEX_POINT ( 'NONE', #421 ) ;
#401 = UNCERTAINTY_MEASURE_WITH_UNIT (LENGTH_MEASURE( 1.000000000000000082E-05 ), #779, 'distance_accuracy_value', 'NONE');
#402 = FILL_AREA_STYLE_COLOUR ( '', #571 ) ;
#403 = ORIENTED_EDGE ( 'NONE', *, *, #373, .T. ) ;
#404 = SURFACE_SIDE_STYLE ('',( #1719 ) ) ;
#405 = PRESENTATION_STYLE_ASSIGNMENT (( #1557 ) ) ;
#406 = VERTEX_POINT ( 'NONE', #1894 ) ;
#407 = PRESENTATION_LAYER_ASSIGNMENT (  '', '', ( #150 ) ) ;
#408 = VECTOR ( 'NONE', #168, 1000.000000000000000 ) ;
#409 = STYLED_ITEM ( 'NONE', ( #825 ), #19 ) ;
#410 = PLANE ( 'NONE',  #987 ) ;
#411 = VECTOR ( 'NONE', #307, 1000.000000000000000 ) ;
#412 = PLANE ( 'NONE',  #579 ) ;
#413 = ORIENTED_EDGE ( 'NONE', *, *, #1244, .F. ) ;
#414 = DIRECTION ( 'NONE',  ( 1.551908638376102321E-16, 0.000000000000000000, 1.000000000000000000 ) ) ;
#415 = PRESENTATION_STYLE_ASSIGNMENT (( #121 ) ) ;
#416 =( NAMED_UNIT ( * ) SI_UNIT ( $, .STERADIAN. ) SOLID_ANGLE_UNIT ( ) );
#417 = CARTESIAN_POINT ( 'NONE',  ( -1.709999999999999076, 4.010000000000000675, -2.919662543228679527E-16 ) ) ;
#418 = CARTESIAN_POINT ( 'NONE',  ( 0.000000000000000000, 4.110000000000001208, 0.000000000000000000 ) ) ;
#419 = ORIENTED_EDGE ( 'NONE', *, *, #459, .F. ) ;
#420 = ORIENTED_EDGE ( 'NONE', *, *, #980, .F. ) ;
#421 = CARTESIAN_POINT ( 'NONE',  ( 1.720000000000000195, 4.110000000000001208, -3.455000000000000071 ) ) ;
#422 =( NAMED_UNIT ( * ) SI_UNIT ( $, .STERADIAN. ) SOLID_ANGLE_UNIT ( ) );
#423 = DIRECTION ( 'NONE',  ( -0.000000000000000000, -1.000000000000000000, -0.000000000000000000 ) ) ;
#424 = LINE ( 'NONE', #706, #614 ) ;
#425 = ORIENTED_EDGE ( 'NONE', *, *, #1062, .F. ) ;
#426 =( LENGTH_UNIT ( ) NAMED_UNIT ( * ) SI_UNIT ( .MILLI., .METRE. ) );
#427 = ORIENTED_EDGE ( 'NONE', *, *, #299, .F. ) ;
#428 = COLOUR_RGB ( '',0.6666666666666666297, 0.6980392156862744724, 0.7686274509803920907 ) ;
#429 = CARTESIAN_POINT ( 'NONE',  ( 0.000000000000000000, 4.110000000000001208, 0.000000000000000000 ) ) ;
#430 = DIRECTION ( 'NONE',  ( 1.707404996040164265E-16, 0.000000000000000000, 1.000000000000000000 ) ) ;
#431 = VECTOR ( 'NONE', #1041, 1000.000000000000000 ) ;
#432 = ORIENTED_EDGE ( 'NONE', *, *, #1712, .F. ) ;
#433 = VECTOR ( 'NONE', #1212, 1000.000000000000000 ) ;
#434 =( NAMED_UNIT ( * ) SI_UNIT ( $, .STERADIAN. ) SOLID_ANGLE_UNIT ( ) );
#435 = EDGE_CURVE ( 'NONE', #1835, #838, #552, .T. ) ;
#436 =( LENGTH_UNIT ( ) NAMED_UNIT ( * ) SI_UNIT ( .MILLI., .METRE. ) );
#437 = ADVANCED_FACE ( 'NONE', ( #112 ), #860, .F. ) ;
#438 = CARTESIAN_POINT ( 'NONE',  ( -0.8199999999999999512, 4.110000000000001208, -0.9149999999999998135 ) ) ;
#439 =( LENGTH_UNIT ( ) NAMED_UNIT ( * ) SI_UNIT ( .MILLI., .METRE. ) );
#440 = FILL_AREA_STYLE_COLOUR ( '', #8 ) ;
#441 = CARTESIAN_POINT ( 'NONE',  ( -3.360000000000000320, 4.010000000000000675, -3.455000000000000071 ) ) ;
#442 = EDGE_LOOP ( 'NONE', ( #919, #1239, #1874, #403 ) ) ;
#443 = ADVANCED_BREP_SHAPE_REPRESENTATION ( 'ADE-1+', ( #156, #1524 ), #11 ) ;
#444 = CARTESIAN_POINT ( 'NONE',  ( -3.935000000000000053, 4.010000000000000675, 2.794499999999999318 ) ) ;
#445 = ORIENTED_EDGE ( 'NONE', *, *, #1535, .F. ) ;
#446 = CARTESIAN_POINT ( 'NONE',  ( 3.370000000000000551, 4.110000000000001208, 3.455000000000000071 ) ) ;
#447 = CARTESIAN_POINT ( 'NONE',  ( 1.720000000000000195, 4.010000000000000675, 0.9149999999999998135 ) ) ;
#448 = EDGE_CURVE ( 'NONE', #349, #396, #1135, .T. ) ;
#449 = LINE ( 'NONE', #303, #1263 ) ;
#450 = ORIENTED_EDGE ( 'NONE', *, *, #903, .F. ) ;
#451 =( LENGTH_UNIT ( ) NAMED_UNIT ( * ) SI_UNIT ( .MILLI., .METRE. ) );
#452 = LINE ( 'NONE', #1817, #227 ) ;
#453 = PLANE ( 'NONE',  #639 ) ;
#454 = PRESENTATION_LAYER_ASSIGNMENT (  '', '', ( #979 ) ) ;
#455 = ORIENTED_EDGE ( 'NONE', *, *, #848, .T. ) ;
#456 = PRODUCT_DEFINITION_CONTEXT ( 'detailed design', #724, 'design' ) ;
#457 = VECTOR ( 'NONE', #1406, 1000.000000000000000 ) ;
#458 = LINE ( 'NONE', #177, #280 ) ;
#459 = EDGE_CURVE ( 'NONE', #1725, #1230, #587, .T. ) ;
#460 = STYLED_ITEM ( 'NONE', ( #1504 ), #947 ) ;
#461 = DIRECTION ( 'NONE',  ( 0.000000000000000000, 0.000000000000000000, -1.000000000000000000 ) ) ;
#462 = VERTEX_POINT ( 'NONE', #1629 ) ;
#463 = STYLED_ITEM ( 'NONE', ( #167 ), #1361 ) ;
#464 = DIRECTION ( 'NONE',  ( 1.000000000000000000, 0.000000000000000000, -1.314184451497580520E-16 ) ) ;
#465 = FACE_OUTER_BOUND ( 'NONE', #442, .T. ) ;
#466 = VECTOR ( 'NONE', #1583, 1000.000000000000000 ) ;
#467 = EDGE_LOOP ( 'NONE', ( #1157, #1558, #1079, #1480, #1335 ) ) ;
#468 = FACE_OUTER_BOUND ( 'NONE', #1092, .T. ) ;
#469 = DIRECTION ( 'NONE',  ( 1.707404996040164265E-16, 0.000000000000000000, 1.000000000000000000 ) ) ;
#470 = ORIENTED_EDGE ( 'NONE', *, *, #1175, .F. ) ;
#471 = LINE ( 'NONE', #331, #1292 ) ;
#472 = ORIENTED_EDGE ( 'NONE', *, *, #1175, .T. ) ;
#473 = DIRECTION ( 'NONE',  ( 0.000000000000000000, 0.000000000000000000, -1.000000000000000000 ) ) ;
#474 = PRESENTATION_STYLE_ASSIGNMENT (( #1807 ) ) ;
#475 = EDGE_CURVE ( 'NONE', #1368, #1380, #306, .T. ) ;
#476 =( NAMED_UNIT ( * ) PLANE_ANGLE_UNIT ( ) SI_UNIT ( $, .RADIAN. ) );
#477 = SURFACE_STYLE_FILL_AREA ( #1769 ) ;
#478 = FILL_AREA_STYLE_COLOUR ( '', #1568 ) ;
#479 = ORIENTED_EDGE ( 'NONE', *, *, #376, .T. ) ;
#480 = SURFACE_SIDE_STYLE ('',( #48 ) ) ;
#481 = SURFACE_STYLE_USAGE ( .BOTH. , #1648 ) ;
#482 = UNCERTAINTY_MEASURE_WITH_UNIT (LENGTH_MEASURE( 1.000000000000000082E-05 ), #439, 'distance_accuracy_value', 'NONE');
#483 = LINE ( 'NONE', #1625, #431 ) ;
#484 = LINE ( 'NONE', #1405, #124 ) ;
#485 = FILL_AREA_STYLE_COLOUR ( '', #325 ) ;
#486 = LINE ( 'NONE', #511, #577 ) ;
#487 = EDGE_LOOP ( 'NONE', ( #200, #425, #1886, #974 ) ) ;
#488 = DIRECTION ( 'NONE',  ( 0.000000000000000000, 0.000000000000000000, 1.000000000000000000 ) ) ;
#489 = STYLED_ITEM ( 'NONE', ( #1093 ), #63 ) ;
#490 = VERTEX_POINT ( 'NONE', #1063 ) ;
#491 = PRESENTATION_LAYER_ASSIGNMENT (  '', '', ( #248 ) ) ;
#492 = PRESENTATION_LAYER_ASSIGNMENT (  '', '', ( #1314 ) ) ;
#493 = CARTESIAN_POINT ( 'NONE',  ( 3.370000000000000551, 4.010000000000000675, 3.455000000000000071 ) ) ;
#494 = STYLED_ITEM ( 'NONE', ( #1324 ), #832 ) ;
#495 =( NAMED_UNIT ( * ) SI_UNIT ( $, .STERADIAN. ) SOLID_ANGLE_UNIT ( ) );
#496 = VECTOR ( 'NONE', #1815, 1000.000000000000000 ) ;
#497 = VECTOR ( 'NONE', #1340, 1000.000000000000000 ) ;
#498 = PRESENTATION_LAYER_ASSIGNMENT (  '', '', ( #1707 ) ) ;
#499 = EDGE_CURVE ( 'NONE', #1835, #268, #1054, .T. ) ;
#500 = PLANE ( 'NONE',  #1398 ) ;
#501 = SURFACE_SIDE_STYLE ('',( #1853 ) ) ;
#502 = ADVANCED_FACE ( 'NONE', ( #146 ), #1180, .F. ) ;
#503 =( LENGTH_UNIT ( ) NAMED_UNIT ( * ) SI_UNIT ( .MILLI., .METRE. ) );
#504 = LINE ( 'NONE', #60, #661 ) ;
#505 =( NAMED_UNIT ( * ) SI_UNIT ( $, .STERADIAN. ) SOLID_ANGLE_UNIT ( ) );
#506 = FACE_OUTER_BOUND ( 'NONE', #239, .T. ) ;
#507 = ORIENTED_EDGE ( 'NONE', *, *, #914, .F. ) ;
#508 = SURFACE_STYLE_USAGE ( .BOTH. , #1846 ) ;
#509 = CARTESIAN_POINT ( 'NONE',  ( 1.720000000000000195, 4.010000000000000675, -0.9149999999999998135 ) ) ;
#510 = SURFACE_STYLE_FILL_AREA ( #649 ) ;
#511 = CARTESIAN_POINT ( 'NONE',  ( 3.934999999999999165, 4.010000000000000675, 2.794499999999999318 ) ) ;
#512 = DIRECTION ( 'NONE',  ( -0.000000000000000000, -1.000000000000000000, -0.000000000000000000 ) ) ;
#513 = ORIENTED_EDGE ( 'NONE', *, *, #1414, .T. ) ;
#514 = DIRECTION ( 'NONE',  ( -1.000000000000000000, 0.000000000000000000, 1.314184451497580520E-16 ) ) ;
#515 = UNCERTAINTY_MEASURE_WITH_UNIT (LENGTH_MEASURE( 1.000000000000000082E-05 ), #804, 'distance_accuracy_value', 'NONE');
#516 = EDGE_CURVE ( 'NONE', #1639, #1243, #28, .T. ) ;
#517 = MECHANICAL_DESIGN_GEOMETRIC_PRESENTATION_REPRESENTATION (  '', ( #792 ), #1424 ) ;
#518 =( NAMED_UNIT ( * ) PLANE_ANGLE_UNIT ( ) SI_UNIT ( $, .RADIAN. ) );
#519 = ORIENTED_EDGE ( 'NONE', *, *, #1044, .F. ) ;
#520 =( NAMED_UNIT ( * ) PLANE_ANGLE_UNIT ( ) SI_UNIT ( $, .RADIAN. ) );
#521 = DIRECTION ( 'NONE',  ( 0.000000000000000000, 0.000000000000000000, 1.000000000000000000 ) ) ;
#522 = ORIENTED_EDGE ( 'NONE', *, *, #1294, .F. ) ;
#523 = VECTOR ( 'NONE', #488, 1000.000000000000000 ) ;
#524 = VECTOR ( 'NONE', #1848, 1000.000000000000000 ) ;
#525 = EDGE_LOOP ( 'NONE', ( #531, #1061, #915, #513 ) ) ;
#526 =( NAMED_UNIT ( * ) SI_UNIT ( $, .STERADIAN. ) SOLID_ANGLE_UNIT ( ) );
#527 = VECTOR ( 'NONE', #1503, 1000.000000000000000 ) ;
#528 = CARTESIAN_POINT ( 'NONE',  ( -0.8199999999999999512, 4.010000000000000675, 3.455000000000000071 ) ) ;
#529 = CARTESIAN_POINT ( 'NONE',  ( 3.370000000000000551, 4.110000000000001208, 3.455000000000000071 ) ) ;
#530 = PRESENTATION_STYLE_ASSIGNMENT (( #267 ) ) ;
#531 = ORIENTED_EDGE ( 'NONE', *, *, #743, .T. ) ;
#532 = DIRECTION ( 'NONE',  ( -1.707404996040164512E-16, 0.000000000000000000, 1.000000000000000000 ) ) ;
#533 = ORIENTED_EDGE ( 'NONE', *, *, #1720, .T. ) ;
#534 =( NAMED_UNIT ( * ) SI_UNIT ( $, .STERADIAN. ) SOLID_ANGLE_UNIT ( ) );
#535 = PRESENTATION_STYLE_ASSIGNMENT (( #1268 ) ) ;
#536 = UNCERTAINTY_MEASURE_WITH_UNIT (LENGTH_MEASURE( 1.000000000000000082E-05 ), #436, 'distance_accuracy_value', 'NONE');
#537 = VERTEX_POINT ( 'NONE', #159 ) ;
#538 = DIRECTION ( 'NONE',  ( -1.000000000000000000, 0.000000000000000000, 0.000000000000000000 ) ) ;
#539 = LINE ( 'NONE', #1584, #1425 ) ;
#540 = FILL_AREA_STYLE_COLOUR ( '', #1622 ) ;
#541 = DIRECTION ( 'NONE',  ( 0.000000000000000000, 1.000000000000000000, 0.000000000000000000 ) ) ;
#542 = ORIENTED_EDGE ( 'NONE', *, *, #305, .F. ) ;
#543 = VECTOR ( 'NONE', #1745, 1000.000000000000000 ) ;
#544 = PRESENTATION_STYLE_ASSIGNMENT (( #558 ) ) ;
#545 = AXIS2_PLACEMENT_3D ( 'NONE', #252, #1721, #1393 ) ;
#546 = STYLED_ITEM ( 'NONE', ( #683 ), #877 ) ;
#547 = AXIS2_PLACEMENT_3D ( 'NONE', #778, #386, #941 ) ;
#548 = MECHANICAL_DESIGN_GEOMETRIC_PRESENTATION_REPRESENTATION (  '', ( #959 ), #824 ) ;
#549 = COLOUR_RGB ( '',0.6666666666666666297, 0.6980392156862744724, 0.7686274509803920907 ) ;
#550 = DIRECTION ( 'NONE',  ( 0.000000000000000000, 1.000000000000000000, -0.000000000000000000 ) ) ;
#551 = ORIENTED_EDGE ( 'NONE', *, *, #1427, .T. ) ;
#552 = LINE ( 'NONE', #1141, #543 ) ;
#553 = FACE_OUTER_BOUND ( 'NONE', #217, .T. ) ;
#554 = DIRECTION ( 'NONE',  ( 0.000000000000000000, 1.000000000000000000, -0.000000000000000000 ) ) ;
#555 = EDGE_CURVE ( 'NONE', #73, #537, #730, .T. ) ;
#556 = CARTESIAN_POINT ( 'NONE',  ( -1.202478773120286153E-16, 4.110000000000001208, 0.9149999999999999245 ) ) ;
#557 = ORIENTED_EDGE ( 'NONE', *, *, #1467, .T. ) ;
#558 = SURFACE_STYLE_USAGE ( .BOTH. , #1440 ) ;
#559 = FACE_OUTER_BOUND ( 'NONE', #525, .T. ) ;
#560 = CARTESIAN_POINT ( 'NONE',  ( -3.935000000000000941, 4.010000000000000675, -2.794500000000001094 ) ) ;
#561 = CARTESIAN_POINT ( 'NONE',  ( 3.934999999999999165, 4.010000000000000675, -2.794500000000001094 ) ) ;
#562 = PRESENTATION_STYLE_ASSIGNMENT (( #874 ) ) ;
#563 = DIRECTION ( 'NONE',  ( 0.000000000000000000, 1.000000000000000000, -0.000000000000000000 ) ) ;
#564 = EDGE_CURVE ( 'NONE', #1032, #1463, #1033, .T. ) ;
#565 = VERTEX_POINT ( 'NONE', #1199 ) ;
#566 = LINE ( 'NONE', #1170, #849 ) ;
#567 = LINE ( 'NONE', #995, #1858 ) ;
#568 = EDGE_CURVE ( 'NONE', #754, #1286, #194, .T. ) ;
#569 = FILL_AREA_STYLE ('',( #708 ) ) ;
#570 = DIRECTION ( 'NONE',  ( -1.000000000000000000, 0.000000000000000000, -0.000000000000000000 ) ) ;
#571 = COLOUR_RGB ( '',0.6666666666666666297, 0.6980392156862744724, 0.7686274509803920907 ) ;
#572 = STYLED_ITEM ( 'NONE', ( #405 ), #22 ) ;
#573 = CARTESIAN_POINT ( 'NONE',  ( 0.000000000000000000, 4.010000000000000675, 0.000000000000000000 ) ) ;
#574 = VECTOR ( 'NONE', #1034, 1000.000000000000000 ) ;
#575 = SURFACE_STYLE_USAGE ( .BOTH. , #3 ) ;
#576 = DIRECTION ( 'NONE',  ( 1.707404996040164265E-16, 0.000000000000000000, 1.000000000000000000 ) ) ;
#577 = VECTOR ( 'NONE', #786, 1000.000000000000000 ) ;
#578 = PLANE ( 'NONE',  #927 ) ;
#579 = AXIS2_PLACEMENT_3D ( 'NONE', #1304, #550, #1433 ) ;
#580 = ORIENTED_EDGE ( 'NONE', *, *, #1294, .T. ) ;
#581 = CARTESIAN_POINT ( 'NONE',  ( -1.709999999999999298, 4.110000000000001208, -0.9150000000000000355 ) ) ;
#582 =( NAMED_UNIT ( * ) PLANE_ANGLE_UNIT ( ) SI_UNIT ( $, .RADIAN. ) );
#583 = CARTESIAN_POINT ( 'NONE',  ( -3.360000000000000320, 4.110000000000001208, -3.455000000000000071 ) ) ;
#584 = CARTESIAN_POINT ( 'NONE',  ( 0.000000000000000000, 4.010000000000000675, -3.455000000000000071 ) ) ;
#585 = CARTESIAN_POINT ( 'NONE',  ( -1.709999999999999742, 4.110000000000001208, -3.455000000000000071 ) ) ;
#586 = EDGE_LOOP ( 'NONE', ( #1052, #1003, #1652, #728, #823 ) ) ;
#587 = LINE ( 'NONE', #1315, #1624 ) ;
#588 = DIRECTION ( 'NONE',  ( 0.000000000000000000, 0.000000000000000000, -1.000000000000000000 ) ) ;
#589 = FILL_AREA_STYLE ('',( #1668 ) ) ;
#590 = ORIENTED_EDGE ( 'NONE', *, *, #1878, .T. ) ;
#591 = LINE ( 'NONE', #1322, #125 ) ;
#592 = PRESENTATION_STYLE_ASSIGNMENT (( #1030 ) ) ;
#593 = DIRECTION ( 'NONE',  ( 1.000000000000000000, 0.000000000000000000, -1.707404996040164512E-16 ) ) ;
#594 = SURFACE_SIDE_STYLE ('',( #1509 ) ) ;
#595 = ORIENTED_EDGE ( 'NONE', *, *, #499, .F. ) ;
#596 = LINE ( 'NONE', #1198, #253 ) ;
#597 = DIRECTION ( 'NONE',  ( 1.000000000000000000, -0.000000000000000000, 0.000000000000000000 ) ) ;
#598 = SURFACE_SIDE_STYLE ('',( #212 ) ) ;
#599 = DIRECTION ( 'NONE',  ( -1.000000000000000000, 0.000000000000000000, 1.314184451497580520E-16 ) ) ;
#600 = VECTOR ( 'NONE', #1181, 1000.000000000000000 ) ;
#601 = MECHANICAL_DESIGN_GEOMETRIC_PRESENTATION_REPRESENTATION (  '', ( #248 ), #1389 ) ;
#602 = EDGE_LOOP ( 'NONE', ( #1562, #420, #1217, #337, #1249, #1825, #470, #595, #1439, #653 ) ) ;
#603 =( NAMED_UNIT ( * ) SI_UNIT ( $, .STERADIAN. ) SOLID_ANGLE_UNIT ( ) );
#604 = AXIS2_PLACEMENT_3D ( 'NONE', #1880, #541, #1873 ) ;
#605 = ORIENTED_EDGE ( 'NONE', *, *, #435, .T. ) ;
#606 = FILL_AREA_STYLE ('',( #402 ) ) ;
#607 = MECHANICAL_DESIGN_GEOMETRIC_PRESENTATION_REPRESENTATION (  '', ( #385 ), #1594 ) ;
#608 = CARTESIAN_POINT ( 'NONE',  ( -3.360000000000000320, 4.110000000000001208, -0.9149999999999998135 ) ) ;
#609 = UNCERTAINTY_MEASURE_WITH_UNIT (LENGTH_MEASURE( 1.000000000000000082E-05 ), #1657, 'distance_accuracy_value', 'NONE');
#610 = PLANE ( 'NONE',  #1866 ) ;
#611 = VECTOR ( 'NONE', #357, 1000.000000000000000 ) ;
#612 = FILL_AREA_STYLE_COLOUR ( '', #1860 ) ;
#613 = FILL_AREA_STYLE_COLOUR ( '', #1190 ) ;
#614 = VECTOR ( 'NONE', #1907, 1000.000000000000000 ) ;
#615 = DIRECTION ( 'NONE',  ( 1.707404996040164265E-16, 0.000000000000000000, 1.000000000000000000 ) ) ;
#616 = MECHANICAL_DESIGN_GEOMETRIC_PRESENTATION_REPRESENTATION (  '', ( #1522 ), #1432 ) ;
#617 = ORIENTED_EDGE ( 'NONE', *, *, #1507, .T. ) ;
#618 = SURFACE_STYLE_FILL_AREA ( #1359 ) ;
#619 = DIRECTION ( 'NONE',  ( 0.000000000000000000, 0.000000000000000000, -1.000000000000000000 ) ) ;
#620 = ORIENTED_EDGE ( 'NONE', *, *, #499, .T. ) ;
#621 = FILL_AREA_STYLE_COLOUR ( '', #428 ) ;
#622 = DIRECTION ( 'NONE',  ( 1.000000000000000000, -0.000000000000000000, 0.000000000000000000 ) ) ;
#623 = DIRECTION ( 'NONE',  ( 1.000000000000000000, 0.000000000000000000, -0.000000000000000000 ) ) ;
#624 = LINE ( 'NONE', #1680, #760 ) ;
#625 = ORIENTED_EDGE ( 'NONE', *, *, #160, .T. ) ;
#626 = SURFACE_STYLE_FILL_AREA ( #1049 ) ;
#627 = LINE ( 'NONE', #1068, #1197 ) ;
#628 = UNCERTAINTY_MEASURE_WITH_UNIT (LENGTH_MEASURE( 1.000000000000000082E-05 ), #1004, 'distance_accuracy_value', 'NONE');
#629 = ADVANCED_FACE ( 'NONE', ( #1171 ), #333, .T. ) ;
#630 = APPLICATION_CONTEXT ( 'automotive_design' ) ;
#631 =( NAMED_UNIT ( * ) PLANE_ANGLE_UNIT ( ) SI_UNIT ( $, .RADIAN. ) );
#632 = LINE ( 'NONE', #1544, #1515 ) ;
#633 = EDGE_CURVE ( 'NONE', #326, #1744, #1385, .T. ) ;
#634 = FILL_AREA_STYLE_COLOUR ( '', #188 ) ;
#635 = VERTEX_POINT ( 'NONE', #1083 ) ;
#636 = CARTESIAN_POINT ( 'NONE',  ( 3.370000000000000995, 4.010000000000000675, 0.9150000000000000355 ) ) ;
#637 = STYLED_ITEM ( 'NONE', ( #1695 ), #719 ) ;
#638 = LINE ( 'NONE', #375, #225 ) ;
#639 = AXIS2_PLACEMENT_3D ( 'NONE', #881, #588, #570 ) ;
#640 = DIRECTION ( 'NONE',  ( 0.000000000000000000, 0.000000000000000000, 1.000000000000000000 ) ) ;
#641 = MECHANICAL_DESIGN_GEOMETRIC_PRESENTATION_REPRESENTATION (  '', ( #985 ), #277 ) ;
#642 = MECHANICAL_DESIGN_GEOMETRIC_PRESENTATION_REPRESENTATION (  '', ( #1705 ), #1796 ) ;
#643 =( NAMED_UNIT ( * ) SI_UNIT ( $, .STERADIAN. ) SOLID_ANGLE_UNIT ( ) );
#644 = COLOUR_RGB ( '',0.6666666666666666297, 0.6980392156862744724, 0.7686274509803920907 ) ;
#645 = ORIENTED_EDGE ( 'NONE', *, *, #1317, .T. ) ;
#646 = VECTOR ( 'NONE', #461, 1000.000000000000000 ) ;
#647 = LINE ( 'NONE', #811, #1074 ) ;
#648 = UNCERTAINTY_MEASURE_WITH_UNIT (LENGTH_MEASURE( 1.000000000000000082E-05 ), #1741, 'distance_accuracy_value', 'NONE');
#649 = FILL_AREA_STYLE ('',( #1663 ) ) ;
#650 = LINE ( 'NONE', #1234, #1631 ) ;
#651 =( NAMED_UNIT ( * ) SI_UNIT ( $, .STERADIAN. ) SOLID_ANGLE_UNIT ( ) );
#652 = DIRECTION ( 'NONE',  ( -0.000000000000000000, -1.000000000000000000, -0.000000000000000000 ) ) ;
#653 = ORIENTED_EDGE ( 'NONE', *, *, #1044, .T. ) ;
#654 = SURFACE_STYLE_USAGE ( .BOTH. , #62 ) ;
#655 = DIRECTION ( 'NONE',  ( 1.000000000000000000, 0.000000000000000000, 1.314184451497580520E-16 ) ) ;
#656 = ORIENTED_EDGE ( 'NONE', *, *, #1910, .T. ) ;
#657 = UNCERTAINTY_MEASURE_WITH_UNIT (LENGTH_MEASURE( 1.000000000000000082E-05 ), #1630, 'distance_accuracy_value', 'NONE');
#658 =( GEOMETRIC_REPRESENTATION_CONTEXT ( 3 ) GLOBAL_UNCERTAINTY_ASSIGNED_CONTEXT ( ( #1281 ) ) GLOBAL_UNIT_ASSIGNED_CONTEXT ( ( #961, #520, #643 ) ) REPRESENTATION_CONTEXT ( 'NONE', 'WORKASPACE' ) );
#659 = LINE ( 'NONE', #560, #1134 ) ;
#660 = EDGE_CURVE ( 'NONE', #400, #1368, #1850, .T. ) ;
#661 = VECTOR ( 'NONE', #968, 1000.000000000000000 ) ;
#662 = CLOSED_SHELL ( 'NONE', ( #1384, #437, #1885, #970, #502, #719, #1088, #732, #1436, #947, #1482, #1387, #703, #68, #1195, #1582, #921, #1374, #63, #1742, #1211, #103, #720, #398, #978, #19, #1361, #289, #877, #1214, #1312, #1278, #832, #244, #172, #1591, #1823, #629, #22, #744, #1816, #1604 ) ) ;
#663 = PLANE ( 'NONE',  #955 ) ;
#664 = ORIENTED_EDGE ( 'NONE', *, *, #785, .F. ) ;
#665 = VECTOR ( 'NONE', #1154, 1000.000000000000000 ) ;
#666 = VECTOR ( 'NONE', #807, 1000.000000000000000 ) ;
#667 = ORIENTED_EDGE ( 'NONE', *, *, #1806, .T. ) ;
#668 = AXIS2_PLACEMENT_3D ( 'NONE', #1812, #12, #54 ) ;
#669 = VECTOR ( 'NONE', #1031, 1000.000000000000000 ) ;
#670 = FACE_OUTER_BOUND ( 'NONE', #835, .T. ) ;
#671 = AXIS2_PLACEMENT_3D ( 'NONE', #147, #139, #722 ) ;
#672 = LINE ( 'NONE', #151, #665 ) ;
#673 = ORIENTED_EDGE ( 'NONE', *, *, #1118, .F. ) ;
#674 = FILL_AREA_STYLE_COLOUR ( '', #795 ) ;
#675 = FACE_OUTER_BOUND ( 'NONE', #1533, .T. ) ;
#676 = FILL_AREA_STYLE_COLOUR ( '', #198 ) ;
#677 = UNCERTAINTY_MEASURE_WITH_UNIT (LENGTH_MEASURE( 1.000000000000000082E-05 ), #186, 'distance_accuracy_value', 'NONE');
#678 = ORIENTED_EDGE ( 'NONE', *, *, #555, .F. ) ;
#679 =( NAMED_UNIT ( * ) PLANE_ANGLE_UNIT ( ) SI_UNIT ( $, .RADIAN. ) );
#680 = ORIENTED_EDGE ( 'NONE', *, *, #1685, .F. ) ;
#681 = EDGE_CURVE ( 'NONE', #1430, #793, #504, .T. ) ;
#682 = SURFACE_SIDE_STYLE ('',( #1911 ) ) ;
#683 = PRESENTATION_STYLE_ASSIGNMENT (( #1738 ) ) ;
#684 = EDGE_CURVE ( 'NONE', #1296, #1744, #1841, .T. ) ;
#685 = CARTESIAN_POINT ( 'NONE',  ( -3.360000000000000320, 4.010000000000000675, -2.794500000000001094 ) ) ;
#686 = ORIENTED_EDGE ( 'NONE', *, *, #160, .F. ) ;
#687 = EDGE_CURVE ( 'NONE', #400, #1497, #948, .T. ) ;
#688 = MECHANICAL_DESIGN_GEOMETRIC_PRESENTATION_REPRESENTATION (  '', ( #1422 ), #1884 ) ;
#689 =( NAMED_UNIT ( * ) SI_UNIT ( $, .STERADIAN. ) SOLID_ANGLE_UNIT ( ) );
#690 = ORIENTED_EDGE ( 'NONE', *, *, #1669, .T. ) ;
#691 = DIRECTION ( 'NONE',  ( 0.000000000000000000, 0.000000000000000000, 1.000000000000000000 ) ) ;
#692 = STYLED_ITEM ( 'NONE', ( #339 ), #744 ) ;
#693 =( NAMED_UNIT ( * ) PLANE_ANGLE_UNIT ( ) SI_UNIT ( $, .RADIAN. ) );
#694 =( GEOMETRIC_REPRESENTATION_CONTEXT ( 3 ) GLOBAL_UNCERTAINTY_ASSIGNED_CONTEXT ( ( #482 ) ) GLOBAL_UNIT_ASSIGNED_CONTEXT ( ( #439, #105, #246 ) ) REPRESENTATION_CONTEXT ( 'NONE', 'WORKASPACE' ) );
#695 = AXIS2_PLACEMENT_3D ( 'NONE', #775, #50, #1849 ) ;
#696 = EDGE_CURVE ( 'NONE', #73, #96, #1561, .T. ) ;
#697 = DIRECTION ( 'NONE',  ( -0.000000000000000000, -1.000000000000000000, -0.000000000000000000 ) ) ;
#698 =( NAMED_UNIT ( * ) SI_UNIT ( $, .STERADIAN. ) SOLID_ANGLE_UNIT ( ) );
#699 = DIRECTION ( 'NONE',  ( 0.000000000000000000, 0.000000000000000000, 1.000000000000000000 ) ) ;
#700 = ORIENTED_EDGE ( 'NONE', *, *, #1174, .T. ) ;
#701 =( NAMED_UNIT ( * ) PLANE_ANGLE_UNIT ( ) SI_UNIT ( $, .RADIAN. ) );
#702 = FILL_AREA_STYLE ('',( #1143 ) ) ;
#703 = ADVANCED_FACE ( 'NONE', ( #75 ), #1536, .F. ) ;
#704 = CARTESIAN_POINT ( 'NONE',  ( 0.8300000000000008482, 4.110000000000001208, -0.9150000000000000355 ) ) ;
#705 = DIRECTION ( 'NONE',  ( 1.314184451497580520E-16, 0.000000000000000000, -1.000000000000000000 ) ) ;
#706 = CARTESIAN_POINT ( 'NONE',  ( 0.000000000000000000, 4.010000000000000675, 3.455000000000000071 ) ) ;
#707 = VERTEX_POINT ( 'NONE', #1072 ) ;
#708 = FILL_AREA_STYLE_COLOUR ( '', #1491 ) ;
#709 = CARTESIAN_POINT ( 'NONE',  ( 1.720000000000000195, 4.010000000000000675, 2.794499999999999318 ) ) ;
#710 = SURFACE_SIDE_STYLE ('',( #1585 ) ) ;
#711 = CARTESIAN_POINT ( 'NONE',  ( 1.720000000000000195, 4.110000000000001208, 0.000000000000000000 ) ) ;
#712 = CARTESIAN_POINT ( 'NONE',  ( -3.360000000000000320, 4.010000000000000675, 3.455000000000000071 ) ) ;
#713 = LINE ( 'NONE', #584, #64 ) ;
#714 =( LENGTH_UNIT ( ) NAMED_UNIT ( * ) SI_UNIT ( .MILLI., .METRE. ) );
#715 = UNCERTAINTY_MEASURE_WITH_UNIT (LENGTH_MEASURE( 1.000000000000000082E-05 ), #1589, 'distance_accuracy_value', 'NONE');
#716 =( NAMED_UNIT ( * ) PLANE_ANGLE_UNIT ( ) SI_UNIT ( $, .RADIAN. ) );
#717 = SURFACE_SIDE_STYLE ('',( #1891 ) ) ;
#718 = VERTEX_POINT ( 'NONE', #356 ) ;
#719 = ADVANCED_FACE ( 'NONE', ( #784 ), #1245, .F. ) ;
#720 = ADVANCED_FACE ( 'NONE', ( #1284 ), #1588, .T. ) ;
#721 = CARTESIAN_POINT ( 'NONE',  ( 0.000000000000000000, 4.010000000000000675, -3.455000000000000071 ) ) ;
#722 = DIRECTION ( 'NONE',  ( -1.000000000000000000, 0.000000000000000000, 1.314184451497580520E-16 ) ) ;
#723 =( GEOMETRIC_REPRESENTATION_CONTEXT ( 3 ) GLOBAL_UNCERTAINTY_ASSIGNED_CONTEXT ( ( #999 ) ) GLOBAL_UNIT_ASSIGNED_CONTEXT ( ( #426, #1276, #434 ) ) REPRESENTATION_CONTEXT ( 'NONE', 'WORKASPACE' ) );
#724 = APPLICATION_CONTEXT ( 'automotive_design' ) ;
#725 =( NAMED_UNIT ( * ) SI_UNIT ( $, .STERADIAN. ) SOLID_ANGLE_UNIT ( ) );
#726 = PRESENTATION_LAYER_ASSIGNMENT (  '', '', ( #494 ) ) ;
#727 = COLOUR_RGB ( '',0.6666666666666666297, 0.6980392156862744724, 0.7686274509803920907 ) ;
#728 = ORIENTED_EDGE ( 'NONE', *, *, #1015, .F. ) ;
#729 = VECTOR ( 'NONE', #1196, 1000.000000000000000 ) ;
#730 = LINE ( 'NONE', #721, #1511 ) ;
#731 = FILL_AREA_STYLE ('',( #613 ) ) ;
#732 = ADVANCED_FACE ( 'NONE', ( #1113 ), #1717, .F. ) ;
#733 =( NAMED_UNIT ( * ) SI_UNIT ( $, .STERADIAN. ) SOLID_ANGLE_UNIT ( ) );
#734 = VERTEX_POINT ( 'NONE', #315 ) ;
#735 = SURFACE_STYLE_FILL_AREA ( #606 ) ;
#736 = UNCERTAINTY_MEASURE_WITH_UNIT (LENGTH_MEASURE( 1.000000000000000082E-05 ), #187, 'distance_accuracy_value', 'NONE');
#737 =( NAMED_UNIT ( * ) PLANE_ANGLE_UNIT ( ) SI_UNIT ( $, .RADIAN. ) );
#738 = CARTESIAN_POINT ( 'NONE',  ( 0.000000000000000000, 4.110000000000001208, 3.455000000000000071 ) ) ;
#739 = ORIENTED_EDGE ( 'NONE', *, *, #1471, .F. ) ;
#740 = FILL_AREA_STYLE ('',( #878 ) ) ;
#741 = CARTESIAN_POINT ( 'NONE',  ( 3.370000000000000995, 4.010000000000000675, 5.753954836655355452E-16 ) ) ;
#742 = ORIENTED_EDGE ( 'NONE', *, *, #41, .T. ) ;
#743 = EDGE_CURVE ( 'NONE', #867, #341, #888, .T. ) ;
#744 = ADVANCED_FACE ( 'NONE', ( #756 ), #1813, .T. ) ;
#745 =( LENGTH_UNIT ( ) NAMED_UNIT ( * ) SI_UNIT ( .MILLI., .METRE. ) );
#746 = CARTESIAN_POINT ( 'NONE',  ( 3.370000000000000995, 4.010000000000000675, -5.753954836655355452E-16 ) ) ;
#747 = PRESENTATION_STYLE_ASSIGNMENT (( #898 ) ) ;
#748 = CARTESIAN_POINT ( 'NONE',  ( -0.8199999999999999512, 4.110000000000001208, 0.000000000000000000 ) ) ;
#749 = LINE ( 'NONE', #581, #1258 ) ;
#750 = CARTESIAN_POINT ( 'NONE',  ( -3.360000000000000320, 4.110000000000001208, -0.9149999999999998135 ) ) ;
#751 = LINE ( 'NONE', #910, #527 ) ;
#752 = DIRECTION ( 'NONE',  ( -1.314184451497580520E-16, 0.000000000000000000, -1.000000000000000000 ) ) ;
#753 = STYLED_ITEM ( 'NONE', ( #1142 ), #68 ) ;
#754 = VERTEX_POINT ( 'NONE', #1867 ) ;
#755 = DIRECTION ( 'NONE',  ( 0.000000000000000000, 0.000000000000000000, 1.000000000000000000 ) ) ;
#756 = FACE_OUTER_BOUND ( 'NONE', #983, .T. ) ;
#757 = AXIS2_PLACEMENT_3D ( 'NONE', #1643, #902, #1104 ) ;
#758 = EDGE_LOOP ( 'NONE', ( #892, #908, #1487, #656 ) ) ;
#759 = LINE ( 'NONE', #1508, #928 ) ;
#760 = VECTOR ( 'NONE', #1096, 1000.000000000000000 ) ;
#761 = PRESENTATION_LAYER_ASSIGNMENT (  '', '', ( #1705 ) ) ;
#762 = FACE_OUTER_BOUND ( 'NONE', #294, .T. ) ;
#763 = STYLED_ITEM ( 'NONE', ( #747 ), #1436 ) ;
#764 = DIRECTION ( 'NONE',  ( 1.000000000000000000, -0.000000000000000000, 0.000000000000000000 ) ) ;
#765 = PLANE ( 'NONE',  #1053 ) ;
#766 = DIRECTION ( 'NONE',  ( 1.707404996040164265E-16, 0.000000000000000000, 1.000000000000000000 ) ) ;
#767 = PRESENTATION_LAYER_ASSIGNMENT (  '', '', ( #363 ) ) ;
#768 =( NAMED_UNIT ( * ) PLANE_ANGLE_UNIT ( ) SI_UNIT ( $, .RADIAN. ) );
#769 = ORIENTED_EDGE ( 'NONE', *, *, #687, .F. ) ;
#770 = FACE_OUTER_BOUND ( 'NONE', #1718, .T. ) ;
#771 = VERTEX_POINT ( 'NONE', #1468 ) ;
#772 = EDGE_CURVE ( 'NONE', #1286, #1147, #1476, .T. ) ;
#773 = CARTESIAN_POINT ( 'NONE',  ( -3.935000000000000053, 4.010000000000000675, 2.794499999999999318 ) ) ;
#774 = VERTEX_POINT ( 'NONE', #704 ) ;
#775 = CARTESIAN_POINT ( 'NONE',  ( 0.000000000000000000, 4.110000000000001208, -3.455000000000000071 ) ) ;
#776 = EDGE_CURVE ( 'NONE', #400, #1369, #1019, .T. ) ;
#777 = DIRECTION ( 'NONE',  ( 1.707404996040164265E-16, 0.000000000000000000, -1.000000000000000000 ) ) ;
#778 = CARTESIAN_POINT ( 'NONE',  ( 0.000000000000000000, 4.010000000000000675, 0.000000000000000000 ) ) ;
#779 =( LENGTH_UNIT ( ) NAMED_UNIT ( * ) SI_UNIT ( .MILLI., .METRE. ) );
#780 = ORIENTED_EDGE ( 'NONE', *, *, #1602, .T. ) ;
#781 = FACE_OUTER_BOUND ( 'NONE', #329, .T. ) ;
#782 = UNCERTAINTY_MEASURE_WITH_UNIT (LENGTH_MEASURE( 1.000000000000000082E-05 ), #1818, 'distance_accuracy_value', 'NONE');
#783 = CARTESIAN_POINT ( 'NONE',  ( -3.935000000000000053, 4.010000000000000675, 2.794499999999999318 ) ) ;
#784 = FACE_OUTER_BOUND ( 'NONE', #1788, .T. ) ;
#785 = EDGE_CURVE ( 'NONE', #210, #963, #1775, .T. ) ;
#786 = DIRECTION ( 'NONE',  ( -0.000000000000000000, -1.000000000000000000, -0.000000000000000000 ) ) ;
#787 = CARTESIAN_POINT ( 'NONE',  ( -1.202478773120286153E-16, 4.110000000000001208, 0.9149999999999999245 ) ) ;
#788 = VERTEX_POINT ( 'NONE', #1300 ) ;
#789 = COLOUR_RGB ( '',0.6666666666666666297, 0.6980392156862744724, 0.7686274509803920907 ) ;
#790 = SURFACE_STYLE_FILL_AREA ( #226 ) ;
#791 = VECTOR ( 'NONE', #1332, 1000.000000000000000 ) ;
#792 = STYLED_ITEM ( 'NONE', ( #530 ), #720 ) ;
#793 = VERTEX_POINT ( 'NONE', #447 ) ;
#794 = DIRECTION ( 'NONE',  ( 1.707404996040164265E-16, 0.000000000000000000, -1.000000000000000000 ) ) ;
#795 = COLOUR_RGB ( '',0.6666666666666666297, 0.6980392156862744724, 0.7686274509803920907 ) ;
#796 = VECTOR ( 'NONE', #473, 1000.000000000000000 ) ;
#797 = CARTESIAN_POINT ( 'NONE',  ( -3.935000000000000053, 4.010000000000000675, 2.794499999999999318 ) ) ;
#798 = EDGE_CURVE ( 'NONE', #126, #1530, #1716, .T. ) ;
#799 = CARTESIAN_POINT ( 'NONE',  ( -1.709999999999999520, 4.010000000000000675, 2.794499999999999318 ) ) ;
#800 = PRESENTATION_LAYER_ASSIGNMENT (  '', '', ( #1635 ) ) ;
#801 = DIRECTION ( 'NONE',  ( 1.000000000000000000, 0.000000000000000000, 0.000000000000000000 ) ) ;
#802 = VERTEX_POINT ( 'NONE', #871 ) ;
#803 = MECHANICAL_DESIGN_GEOMETRIC_PRESENTATION_REPRESENTATION (  '', ( #363 ), #1576 ) ;
#804 =( LENGTH_UNIT ( ) NAMED_UNIT ( * ) SI_UNIT ( .MILLI., .METRE. ) );
#805 =( NAMED_UNIT ( * ) PLANE_ANGLE_UNIT ( ) SI_UNIT ( $, .RADIAN. ) );
#806 = ORIENTED_EDGE ( 'NONE', *, *, #1641, .T. ) ;
#807 = DIRECTION ( 'NONE',  ( 0.000000000000000000, 0.000000000000000000, 1.000000000000000000 ) ) ;
#808 = CARTESIAN_POINT ( 'NONE',  ( 3.370000000000000995, 4.110000000000001208, 5.753954836655355452E-16 ) ) ;
#809 = PRODUCT_CONTEXT ( 'NONE', #630, 'mechanical' ) ;
#810 = EDGE_LOOP ( 'NONE', ( #1828, #368, #1645, #1553, #304 ) ) ;
#811 = CARTESIAN_POINT ( 'NONE',  ( 3.370000000000000995, 4.010000000000000675, -5.753954836655355452E-16 ) ) ;
#812 = EDGE_CURVE ( 'NONE', #1725, #1032, #672, .T. ) ;
#813 = SURFACE_SIDE_STYLE ('',( #235 ) ) ;
#814 = DIRECTION ( 'NONE',  ( -1.000000000000000000, 0.000000000000000000, -0.000000000000000000 ) ) ;
#815 = SURFACE_STYLE_USAGE ( .BOTH. , #1543 ) ;
#816 = EDGE_LOOP ( 'NONE', ( #700, #450, #1066, #1333 ) ) ;
#817 = FILL_AREA_STYLE ('',( #1690 ) ) ;
#818 = ORIENTED_EDGE ( 'NONE', *, *, #1878, .F. ) ;
#819 = CARTESIAN_POINT ( 'NONE',  ( -3.935000000000000941, 0.000000000000000000, -2.794500000000001094 ) ) ;
#820 = LINE ( 'NONE', #1382, #1232 ) ;
#821 = UNCERTAINTY_MEASURE_WITH_UNIT (LENGTH_MEASURE( 1.000000000000000082E-05 ), #1412, 'distance_accuracy_value', 'NONE');
#822 = MECHANICAL_DESIGN_GEOMETRIC_PRESENTATION_REPRESENTATION (  '', ( #122 ), #316 ) ;
#823 = ORIENTED_EDGE ( 'NONE', *, *, #1062, .T. ) ;
#824 =( GEOMETRIC_REPRESENTATION_CONTEXT ( 3 ) GLOBAL_UNCERTAINTY_ASSIGNED_CONTEXT ( ( #648 ) ) GLOBAL_UNIT_ASSIGNED_CONTEXT ( ( #1741, #716, #1888 ) ) REPRESENTATION_CONTEXT ( 'NONE', 'WORKASPACE' ) );
#825 = PRESENTATION_STYLE_ASSIGNMENT (( #1251 ) ) ;
#826 = AXIS2_PLACEMENT_3D ( 'NONE', #82, #1722, #514 ) ;
#827 =( LENGTH_UNIT ( ) NAMED_UNIT ( * ) SI_UNIT ( .MILLI., .METRE. ) );
#828 = VECTOR ( 'NONE', #1526, 1000.000000000000000 ) ;
#829 = EDGE_CURVE ( 'NONE', #1497, #111, #713, .T. ) ;
#830 = CARTESIAN_POINT ( 'NONE',  ( 0.8300000000000009592, 4.010000000000000675, -1.417146146713337962E-16 ) ) ;
#831 = ORIENTED_EDGE ( 'NONE', *, *, #785, .T. ) ;
#832 = ADVANCED_FACE ( 'NONE', ( #1417 ), #663, .F. ) ;
#833 = LINE ( 'NONE', #1453, #1076 ) ;
#834 = SURFACE_STYLE_FILL_AREA ( #132 ) ;
#835 = EDGE_LOOP ( 'NONE', ( #1035, #936, #1313, #1908, #183 ) ) ;
#836 = FACE_OUTER_BOUND ( 'NONE', #240, .T. ) ;
#837 =( NAMED_UNIT ( * ) SI_UNIT ( $, .STERADIAN. ) SOLID_ANGLE_UNIT ( ) );
#838 = VERTEX_POINT ( 'NONE', #292 ) ;
#839 = CARTESIAN_POINT ( 'NONE',  ( -3.935000000000000941, 0.000000000000000000, -2.794500000000001094 ) ) ;
#840 = COLOUR_RGB ( '',1.000000000000000000, 1.000000000000000000, 1.000000000000000000 ) ;
#841 = LINE ( 'NONE', #1449, #128 ) ;
#842 = ORIENTED_EDGE ( 'NONE', *, *, #1414, .F. ) ;
#843 = ORIENTED_EDGE ( 'NONE', *, *, #1302, .T. ) ;
#844 =( GEOMETRIC_REPRESENTATION_CONTEXT ( 3 ) GLOBAL_UNCERTAINTY_ASSIGNED_CONTEXT ( ( #1207 ) ) GLOBAL_UNIT_ASSIGNED_CONTEXT ( ( #1210, #295, #495 ) ) REPRESENTATION_CONTEXT ( 'NONE', 'WORKASPACE' ) );
#845 = CARTESIAN_POINT ( 'NONE',  ( 0.000000000000000000, 4.110000000000001208, -3.455000000000000071 ) ) ;
#846 = AXIS2_PLACEMENT_3D ( 'NONE', #142, #92, #814 ) ;
#847 = DIRECTION ( 'NONE',  ( -0.000000000000000000, -1.000000000000000000, -0.000000000000000000 ) ) ;
#848 = EDGE_CURVE ( 'NONE', #537, #876, #865, .T. ) ;
#849 = VECTOR ( 'NONE', #1778, 1000.000000000000000 ) ;
#850 = DIRECTION ( 'NONE',  ( 1.000000000000000000, 0.000000000000000000, -1.707404996040164512E-16 ) ) ;
#851 = PRODUCT_DEFINITION_SHAPE ( 'NONE', 'NONE',  #346 ) ;
#852 = AXIS2_PLACEMENT_3D ( 'NONE', #1416, #1191, #1488 ) ;
#853 = VECTOR ( 'NONE', #998, 1000.000000000000000 ) ;
#854 = DIRECTION ( 'NONE',  ( -1.000000000000000000, 0.000000000000000000, -0.000000000000000000 ) ) ;
#855 = PRESENTATION_LAYER_ASSIGNMENT (  '', '', ( #71 ) ) ;
#856 = FILL_AREA_STYLE_COLOUR ( '', #1627 ) ;
#857 = DIRECTION ( 'NONE',  ( -1.000000000000000000, -0.000000000000000000, -0.000000000000000000 ) ) ;
#858 = VERTEX_POINT ( 'NONE', #1029 ) ;
#859 = CARTESIAN_POINT ( 'NONE',  ( 0.8300000000000004041, 4.110000000000001208, -3.455000000000000071 ) ) ;
#860 = PLANE ( 'NONE',  #1829 ) ;
#861 =( NAMED_UNIT ( * ) SI_UNIT ( $, .STERADIAN. ) SOLID_ANGLE_UNIT ( ) );
#862 = LINE ( 'NONE', #976, #1255 ) ;
#863 =( NAMED_UNIT ( * ) PLANE_ANGLE_UNIT ( ) SI_UNIT ( $, .RADIAN. ) );
#864 = CARTESIAN_POINT ( 'NONE',  ( 0.8300000000000009592, 4.010000000000000675, -1.417146146713337962E-16 ) ) ;
#865 = LINE ( 'NONE', #1308, #1394 ) ;
#866 = LINE ( 'NONE', #1470, #393 ) ;
#867 = VERTEX_POINT ( 'NONE', #113 ) ;
#868 = FACE_OUTER_BOUND ( 'NONE', #810, .T. ) ;
#869 = ORIENTED_EDGE ( 'NONE', *, *, #155, .F. ) ;
#870 = PLANE ( 'NONE',  #852 ) ;
#871 = CARTESIAN_POINT ( 'NONE',  ( -1.709999999999999742, 4.010000000000000675, 3.455000000000000071 ) ) ;
#872 = DIRECTION ( 'NONE',  ( 1.000000000000000000, 0.000000000000000000, 0.000000000000000000 ) ) ;
#873 = UNCERTAINTY_MEASURE_WITH_UNIT (LENGTH_MEASURE( 1.000000000000000082E-05 ), #827, 'distance_accuracy_value', 'NONE');
#874 = SURFACE_STYLE_USAGE ( .BOTH. , #1461 ) ;
#875 = DIRECTION ( 'NONE',  ( 1.707404996040164265E-16, 0.000000000000000000, 1.000000000000000000 ) ) ;
#876 = VERTEX_POINT ( 'NONE', #120 ) ;
#877 = ADVANCED_FACE ( 'NONE', ( #553 ), #1151, .T. ) ;
#878 = FILL_AREA_STYLE_COLOUR ( '', #350 ) ;
#879 = SURFACE_SIDE_STYLE ('',( #996 ) ) ;
#880 = PRESENTATION_LAYER_ASSIGNMENT (  '', '', ( #1827 ) ) ;
#881 = CARTESIAN_POINT ( 'NONE',  ( 0.000000000000000000, 4.110000000000001208, -3.455000000000000071 ) ) ;
#882 = VECTOR ( 'NONE', #1495, 1000.000000000000000 ) ;
#883 = ORIENTED_EDGE ( 'NONE', *, *, #302, .F. ) ;
#884 = COLOUR_RGB ( '',0.6666666666666666297, 0.6980392156862744724, 0.7686274509803920907 ) ;
#885 = DIRECTION ( 'NONE',  ( 0.000000000000000000, 1.000000000000000000, -0.000000000000000000 ) ) ;
#886 = LINE ( 'NONE', #746, #34 ) ;
#887 =( GEOMETRIC_REPRESENTATION_CONTEXT ( 3 ) GLOBAL_UNCERTAINTY_ASSIGNED_CONTEXT ( ( #1110 ) ) GLOBAL_UNIT_ASSIGNED_CONTEXT ( ( #967, #1111, #422 ) ) REPRESENTATION_CONTEXT ( 'NONE', 'WORKASPACE' ) );
#888 = LINE ( 'NONE', #1489, #408 ) ;
#889 = LINE ( 'NONE', #608, #1165 ) ;
#890 = COLOUR_RGB ( '',0.6666666666666666297, 0.6980392156862744724, 0.7686274509803920907 ) ;
#891 = CARTESIAN_POINT ( 'NONE',  ( -3.360000000000000320, 4.110000000000001208, -3.455000000000000071 ) ) ;
#892 = ORIENTED_EDGE ( 'NONE', *, *, #1392, .F. ) ;
#893 = MECHANICAL_DESIGN_GEOMETRIC_PRESENTATION_REPRESENTATION (  '', ( #932 ), #286 ) ;
#894 =( NAMED_UNIT ( * ) SI_UNIT ( $, .STERADIAN. ) SOLID_ANGLE_UNIT ( ) );
#895 =( NAMED_UNIT ( * ) SI_UNIT ( $, .STERADIAN. ) SOLID_ANGLE_UNIT ( ) );
#896 = ORIENTED_EDGE ( 'NONE', *, *, #1148, .F. ) ;
#897 = ORIENTED_EDGE ( 'NONE', *, *, #568, .F. ) ;
#898 = SURFACE_STYLE_USAGE ( .BOTH. , #201 ) ;
#899 = LINE ( 'NONE', #773, #1364 ) ;
#900 = FILL_AREA_STYLE ('',( #612 ) ) ;
#901 = FILL_AREA_STYLE_COLOUR ( '', #256 ) ;
#902 = DIRECTION ( 'NONE',  ( 1.000000000000000000, 0.000000000000000000, -1.551908638376102567E-16 ) ) ;
#903 = EDGE_CURVE ( 'NONE', #1380, #1675, #539, .T. ) ;
#904 = LINE ( 'NONE', #1320, #379 ) ;
#905 = ORIENTED_EDGE ( 'NONE', *, *, #696, .T. ) ;
#906 = DIRECTION ( 'NONE',  ( -1.000000000000000000, -0.000000000000000000, -0.000000000000000000 ) ) ;
#907 = CARTESIAN_POINT ( 'NONE',  ( -3.360000000000000320, 4.110000000000001208, 3.455000000000000071 ) ) ;
#908 = ORIENTED_EDGE ( 'NONE', *, *, #1656, .F. ) ;
#909 = CARTESIAN_POINT ( 'NONE',  ( 0.000000000000000000, 4.110000000000001208, 3.455000000000000071 ) ) ;
#910 = CARTESIAN_POINT ( 'NONE',  ( 3.370000000000000551, 4.110000000000001208, -3.455000000000000071 ) ) ;
#911 = FACE_OUTER_BOUND ( 'NONE', #487, .T. ) ;
#912 = DIRECTION ( 'NONE',  ( -1.000000000000000000, 0.000000000000000000, -1.314184451497580520E-16 ) ) ;
#913 = MECHANICAL_DESIGN_GEOMETRIC_PRESENTATION_REPRESENTATION (  '', ( #1310 ), #723 ) ;
#914 = EDGE_CURVE ( 'NONE', #754, #1430, #862, .T. ) ;
#915 = ORIENTED_EDGE ( 'NONE', *, *, #564, .F. ) ;
#916 = DIRECTION ( 'NONE',  ( -0.000000000000000000, -1.000000000000000000, -0.000000000000000000 ) ) ;
#917 = MECHANICAL_DESIGN_GEOMETRIC_PRESENTATION_REPRESENTATION (  '', ( #637 ), #1351 ) ;
#918 = PRESENTATION_LAYER_ASSIGNMENT (  '', '', ( #409 ) ) ;
#919 = ORIENTED_EDGE ( 'NONE', *, *, #1899, .F. ) ;
#920 = MECHANICAL_DESIGN_GEOMETRIC_PRESENTATION_REPRESENTATION (  '', ( #1834 ), #223 ) ;
#921 = ADVANCED_FACE ( 'NONE', ( #1455 ), #1124, .F. ) ;
#922 = VECTOR ( 'NONE', #1603, 1000.000000000000000 ) ;
#923 = PRESENTATION_LAYER_ASSIGNMENT (  '', '', ( #1765 ) ) ;
#924 = UNCERTAINTY_MEASURE_WITH_UNIT (LENGTH_MEASURE( 1.000000000000000082E-05 ), #51, 'distance_accuracy_value', 'NONE');
#925 = LINE ( 'NONE', #340, #1520 ) ;
#926 = ORIENTED_EDGE ( 'NONE', *, *, #772, .F. ) ;
#927 = AXIS2_PLACEMENT_3D ( 'NONE', #1776, #1130, #1906 ) ;
#928 = VECTOR ( 'NONE', #1360, 1000.000000000000000 ) ;
#929 = DIRECTION ( 'NONE',  ( 0.000000000000000000, 1.000000000000000000, -0.000000000000000000 ) ) ;
#930 = CARTESIAN_POINT ( 'NONE',  ( 3.370000000000001439, 4.010000000000000675, -2.794500000000001094 ) ) ;
#931 = LINE ( 'NONE', #1538, #1396 ) ;
#932 = STYLED_ITEM ( 'NONE', ( #1664 ), #1885 ) ;
#933 = LINE ( 'NONE', #1513, #219 ) ;
#934 = EDGE_LOOP ( 'NONE', ( #551, #1541, #1077, #673 ) ) ;
#935 = SURFACE_STYLE_USAGE ( .BOTH. , #1058 ) ;
#936 = ORIENTED_EDGE ( 'NONE', *, *, #1293, .T. ) ;
#937 = EDGE_CURVE ( 'NONE', #1893, #297, #1173, .T. ) ;
#938 = PRESENTATION_STYLE_ASSIGNMENT (( #1661 ) ) ;
#939 = CARTESIAN_POINT ( 'NONE',  ( 1.720000000000000195, 4.110000000000001208, -3.455000000000000071 ) ) ;
#940 =( NAMED_UNIT ( * ) SI_UNIT ( $, .STERADIAN. ) SOLID_ANGLE_UNIT ( ) );
#941 = DIRECTION ( 'NONE',  ( 0.000000000000000000, 0.000000000000000000, 1.000000000000000000 ) ) ;
#942 = CARTESIAN_POINT ( 'NONE',  ( 1.720000000000000195, 4.010000000000000675, -2.794500000000001094 ) ) ;
#943 = ORIENTED_EDGE ( 'NONE', *, *, #1118, .T. ) ;
#944 = SURFACE_STYLE_USAGE ( .BOTH. , #369 ) ;
#945 = LINE ( 'NONE', #1862, #163 ) ;
#946 = VERTEX_POINT ( 'NONE', #1330 ) ;
#947 = ADVANCED_FACE ( 'NONE', ( #911 ), #453, .T. ) ;
#948 = LINE ( 'NONE', #939, #1159 ) ;
#949 =( NAMED_UNIT ( * ) PLANE_ANGLE_UNIT ( ) SI_UNIT ( $, .RADIAN. ) );
#950 = ORIENTED_EDGE ( 'NONE', *, *, #1467, .F. ) ;
#951 = VECTOR ( 'NONE', #655, 1000.000000000000000 ) ;
#952 =( NAMED_UNIT ( * ) PLANE_ANGLE_UNIT ( ) SI_UNIT ( $, .RADIAN. ) );
#953 = SURFACE_STYLE_USAGE ( .BOTH. , #1684 ) ;
#954 = VECTOR ( 'NONE', #1525, 1000.000000000000000 ) ;
#955 = AXIS2_PLACEMENT_3D ( 'NONE', #1144, #1007, #854 ) ;
#956 = PRESENTATION_LAYER_ASSIGNMENT (  '', '', ( #1889 ) ) ;
#957 = ORIENTED_EDGE ( 'NONE', *, *, #812, .F. ) ;
#958 = CARTESIAN_POINT ( 'NONE',  ( -0.8199999999999999512, 4.110000000000001208, 0.000000000000000000 ) ) ;
#959 = STYLED_ITEM ( 'NONE', ( #209 ), #1374 ) ;
#960 = EDGE_CURVE ( 'NONE', #1430, #788, #1056, .T. ) ;
#961 =( LENGTH_UNIT ( ) NAMED_UNIT ( * ) SI_UNIT ( .MILLI., .METRE. ) );
#962 =( GEOMETRIC_REPRESENTATION_CONTEXT ( 3 ) GLOBAL_UNCERTAINTY_ASSIGNED_CONTEXT ( ( #715 ) ) GLOBAL_UNIT_ASSIGNED_CONTEXT ( ( #1589, #1724, #1607 ) ) REPRESENTATION_CONTEXT ( 'NONE', 'WORKASPACE' ) );
#963 = VERTEX_POINT ( 'NONE', #140 ) ;
#964 = DIRECTION ( 'NONE',  ( -1.000000000000000000, 0.000000000000000000, 0.000000000000000000 ) ) ;
#965 = FILL_AREA_STYLE_COLOUR ( '', #1018 ) ;
#966 = UNCERTAINTY_MEASURE_WITH_UNIT (LENGTH_MEASURE( 1.000000000000000082E-05 ), #250, 'distance_accuracy_value', 'NONE');
#967 =( LENGTH_UNIT ( ) NAMED_UNIT ( * ) SI_UNIT ( .MILLI., .METRE. ) );
#968 = DIRECTION ( 'NONE',  ( -0.000000000000000000, -1.000000000000000000, -0.000000000000000000 ) ) ;
#969 = VERTEX_POINT ( 'NONE', #709 ) ;
#970 = ADVANCED_FACE ( 'NONE', ( #148 ), #1318, .F. ) ;
#971 = FILL_AREA_STYLE ('',( #1714 ) ) ;
#972 = CARTESIAN_POINT ( 'NONE',  ( -1.709999999999999076, 4.010000000000000675, -2.919662543228679527E-16 ) ) ;
#973 =( NAMED_UNIT ( * ) PLANE_ANGLE_UNIT ( ) SI_UNIT ( $, .RADIAN. ) );
#974 = ORIENTED_EDGE ( 'NONE', *, *, #1126, .T. ) ;
#975 = LINE ( 'NONE', #1401, #1792 ) ;
#976 = CARTESIAN_POINT ( 'NONE',  ( 1.720000000000000195, 4.110000000000001208, 0.000000000000000000 ) ) ;
#977 =( NAMED_UNIT ( * ) SI_UNIT ( $, .STERADIAN. ) SOLID_ANGLE_UNIT ( ) );
#978 = ADVANCED_FACE ( 'NONE', ( #1833 ), #230, .F. ) ;
#979 = STYLED_ITEM ( 'NONE', ( #1075 ), #156 ) ;
#980 = EDGE_CURVE ( 'NONE', #1272, #462, #486, .T. ) ;
#981 = UNCERTAINTY_MEASURE_WITH_UNIT (LENGTH_MEASURE( 1.000000000000000082E-05 ), #203, 'distance_accuracy_value', 'NONE');
#982 = AXIS2_PLACEMENT_3D ( 'NONE', #1612, #872, #1177 ) ;
#983 = EDGE_LOOP ( 'NONE', ( #678, #522, #281, #1182 ) ) ;
#984 = MECHANICAL_DESIGN_GEOMETRIC_PRESENTATION_REPRESENTATION (  '', ( #460 ), #1485 ) ;
#985 = STYLED_ITEM ( 'NONE', ( #1840 ), #1211 ) ;
#986 = PRESENTATION_STYLE_ASSIGNMENT (( #129 ) ) ;
#987 = AXIS2_PLACEMENT_3D ( 'NONE', #429, #1020, #1606 ) ;
#988 = PLANE ( 'NONE',  #1309 ) ;
#989 = VECTOR ( 'NONE', #1637, 1000.000000000000000 ) ;
#990 = DIRECTION ( 'NONE',  ( 0.000000000000000000, 0.000000000000000000, -1.000000000000000000 ) ) ;
#991 = PRESENTATION_LAYER_ASSIGNMENT (  '', '', ( #1325 ) ) ;
#992 = FILL_AREA_STYLE ('',( #856 ) ) ;
#993 = DIRECTION ( 'NONE',  ( 0.000000000000000000, 0.000000000000000000, 1.000000000000000000 ) ) ;
#994 = ORIENTED_EDGE ( 'NONE', *, *, #1641, .F. ) ;
#995 = CARTESIAN_POINT ( 'NONE',  ( -1.709999999999999298, 4.110000000000001208, 0.9150000000000000355 ) ) ;
#996 = SURFACE_STYLE_FILL_AREA ( #1912 ) ;
#997 = SURFACE_SIDE_STYLE ('',( #834 ) ) ;
#998 = DIRECTION ( 'NONE',  ( 1.707404996040164265E-16, 0.000000000000000000, -1.000000000000000000 ) ) ;
#999 = UNCERTAINTY_MEASURE_WITH_UNIT (LENGTH_MEASURE( 1.000000000000000082E-05 ), #426, 'distance_accuracy_value', 'NONE');
#1000 = LINE ( 'NONE', #830, #1676 ) ;
#1001 = EDGE_CURVE ( 'NONE', #1246, #802, #632, .T. ) ;
#1002 = ORIENTED_EDGE ( 'NONE', *, *, #1754, .T. ) ;
#1003 = ORIENTED_EDGE ( 'NONE', *, *, #1623, .T. ) ;
#1004 =( LENGTH_UNIT ( ) NAMED_UNIT ( * ) SI_UNIT ( .MILLI., .METRE. ) );
#1005 = DIRECTION ( 'NONE',  ( 0.000000000000000000, 0.000000000000000000, 1.000000000000000000 ) ) ;
#1006 = PRESENTATION_STYLE_ASSIGNMENT (( #575 ) ) ;
#1007 = DIRECTION ( 'NONE',  ( 0.000000000000000000, 0.000000000000000000, -1.000000000000000000 ) ) ;
#1008 = SURFACE_STYLE_FILL_AREA ( #1579 ) ;
#1009 = MECHANICAL_DESIGN_GEOMETRIC_PRESENTATION_REPRESENTATION (  '', ( #1043 ), #348 ) ;
#1010 = MECHANICAL_DESIGN_GEOMETRIC_PRESENTATION_REPRESENTATION (  '', ( #1827 ), #119 ) ;
#1011 = ORIENTED_EDGE ( 'NONE', *, *, #1256, .T. ) ;
#1012 = CARTESIAN_POINT ( 'NONE',  ( -3.935000000000000941, 4.010000000000000675, -2.794500000000001094 ) ) ;
#1013 =( NAMED_UNIT ( * ) PLANE_ANGLE_UNIT ( ) SI_UNIT ( $, .RADIAN. ) );
#1014 = PRESENTATION_LAYER_ASSIGNMENT (  '', '', ( #985 ) ) ;
#1015 = EDGE_CURVE ( 'NONE', #349, #1764, #1220, .T. ) ;
#1016 = DIRECTION ( 'NONE',  ( -1.000000000000000000, 0.000000000000000000, -1.707404996040164512E-16 ) ) ;
#1017 = MECHANICAL_DESIGN_GEOMETRIC_PRESENTATION_REPRESENTATION (  '', ( #463 ), #1194 ) ;
#1018 = COLOUR_RGB ( '',0.6666666666666666297, 0.6980392156862744724, 0.7686274509803920907 ) ;
#1019 = LINE ( 'NONE', #13, #1701 ) ;
#1020 = DIRECTION ( 'NONE',  ( 0.000000000000000000, 1.000000000000000000, -0.000000000000000000 ) ) ;
#1021 = PRESENTATION_LAYER_ASSIGNMENT (  '', '', ( #932 ) ) ;
#1022 = FILL_AREA_STYLE ('',( #1881 ) ) ;
#1023 = ORIENTED_EDGE ( 'NONE', *, *, #696, .F. ) ;
#1024 = FILL_AREA_STYLE_COLOUR ( '', #1444 ) ;
#1025 = SURFACE_STYLE_USAGE ( .BOTH. , #118 ) ;
#1026 = SURFACE_STYLE_FILL_AREA ( #731 ) ;
#1027 = EDGE_CURVE ( 'NONE', #876, #341, #1666, .T. ) ;
#1028 = CARTESIAN_POINT ( 'NONE',  ( -1.202478773120285660E-16, 4.010000000000000675, 0.9149999999999995914 ) ) ;
#1029 = CARTESIAN_POINT ( 'NONE',  ( 1.720000000000000195, 4.010000000000000675, 3.455000000000000071 ) ) ;
#1030 = SURFACE_STYLE_USAGE ( .BOTH. , #1192 ) ;
#1031 = DIRECTION ( 'NONE',  ( 1.000000000000000000, -0.000000000000000000, 0.000000000000000000 ) ) ;
#1032 = VERTEX_POINT ( 'NONE', #222 ) ;
#1033 = LINE ( 'NONE', #750, #1283 ) ;
#1034 = DIRECTION ( 'NONE',  ( -1.000000000000000000, -0.000000000000000000, -0.000000000000000000 ) ) ;
#1035 = ORIENTED_EDGE ( 'NONE', *, *, #1693, .T. ) ;
#1036 = FILL_AREA_STYLE_COLOUR ( '', #1290 ) ;
#1037 = EDGE_CURVE ( 'NONE', #224, #969, #45, .T. ) ;
#1038 = EDGE_LOOP ( 'NONE', ( #88, #85, #557, #843, #345 ) ) ;
#1039 = LINE ( 'NONE', #1490, #1839 ) ;
#1040 = EDGE_CURVE ( 'NONE', #1639, #718, #650, .T. ) ;
#1041 = DIRECTION ( 'NONE',  ( 0.000000000000000000, 0.000000000000000000, -1.000000000000000000 ) ) ;
#1042 = ORIENTED_EDGE ( 'NONE', *, *, #1731, .T. ) ;
#1043 = STYLED_ITEM ( 'NONE', ( #415 ), #103 ) ;
#1044 = EDGE_CURVE ( 'NONE', #565, #1649, #624, .T. ) ;
#1045 = SURFACE_SIDE_STYLE ('',( #1616 ) ) ;
#1046 =( NAMED_UNIT ( * ) PLANE_ANGLE_UNIT ( ) SI_UNIT ( $, .RADIAN. ) );
#1047 = CARTESIAN_POINT ( 'NONE',  ( 3.934999999999999165, 0.000000000000000000, -2.794500000000001094 ) ) ;
#1048 = EDGE_LOOP ( 'NONE', ( #896, #1852, #1002, #371, #432 ) ) ;
#1049 = FILL_AREA_STYLE ('',( #1036 ) ) ;
#1050 = COLOUR_RGB ( '',0.6666666666666666297, 0.6980392156862744724, 0.7686274509803920907 ) ;
#1051 = VECTOR ( 'NONE', #857, 1000.000000000000000 ) ;
#1052 = ORIENTED_EDGE ( 'NONE', *, *, #516, .T. ) ;
#1053 = AXIS2_PLACEMENT_3D ( 'NONE', #1366, #44, #623 ) ;
#1054 = LINE ( 'NONE', #444, #1156 ) ;
#1055 = FILL_AREA_STYLE ('',( #901 ) ) ;
#1056 = LINE ( 'NONE', #1473, #123 ) ;
#1057 = ORIENTED_EDGE ( 'NONE', *, *, #1302, .F. ) ;
#1058 = SURFACE_SIDE_STYLE ('',( #626 ) ) ;
#1059 = FACE_OUTER_BOUND ( 'NONE', #6, .T. ) ;
#1060 = DIRECTION ( 'NONE',  ( 1.000000000000000000, 0.000000000000000000, 0.000000000000000000 ) ) ;
#1061 = ORIENTED_EDGE ( 'NONE', *, *, #1115, .F. ) ;
#1062 = EDGE_CURVE ( 'NONE', #349, #1639, #931, .T. ) ;
#1063 = CARTESIAN_POINT ( 'NONE',  ( -0.8199999999999999512, 4.110000000000001208, 0.9149999999999998135 ) ) ;
#1064 = LINE ( 'NONE', #1808, #1107 ) ;
#1065 = SURFACE_SIDE_STYLE ('',( #1338 ) ) ;
#1066 = ORIENTED_EDGE ( 'NONE', *, *, #475, .F. ) ;
#1067 = DIRECTION ( 'NONE',  ( -0.000000000000000000, -1.000000000000000000, -0.000000000000000000 ) ) ;
#1068 = CARTESIAN_POINT ( 'NONE',  ( 3.370000000000000995, 4.110000000000001208, 0.9150000000000000355 ) ) ;
#1069 = DIRECTION ( 'NONE',  ( 0.000000000000000000, 0.000000000000000000, 1.000000000000000000 ) ) ;
#1070 = EDGE_LOOP ( 'NONE', ( #1658, #259, #680, #1042 ) ) ;
#1071 = LINE ( 'NONE', #218, #796 ) ;
#1072 = CARTESIAN_POINT ( 'NONE',  ( -3.360000000000000320, 4.110000000000001208, 3.455000000000000071 ) ) ;
#1073 = FACE_OUTER_BOUND ( 'NONE', #257, .T. ) ;
#1074 = VECTOR ( 'NONE', #69, 1000.000000000000000 ) ;
#1075 = PRESENTATION_STYLE_ASSIGNMENT (( #1632 ) ) ;
#1076 = VECTOR ( 'NONE', #1735, 1000.000000000000000 ) ;
#1077 = ORIENTED_EDGE ( 'NONE', *, *, #383, .F. ) ;
#1078 = PLANE ( 'NONE',  #1892 ) ;
#1079 = ORIENTED_EDGE ( 'NONE', *, *, #1910, .F. ) ;
#1080 = MECHANICAL_DESIGN_GEOMETRIC_PRESENTATION_REPRESENTATION (  '', ( #692 ), #1353 ) ;
#1081 = DIRECTION ( 'NONE',  ( 0.000000000000000000, 0.000000000000000000, -1.000000000000000000 ) ) ;
#1082 =( NAMED_UNIT ( * ) SI_UNIT ( $, .STERADIAN. ) SOLID_ANGLE_UNIT ( ) );
#1083 = CARTESIAN_POINT ( 'NONE',  ( 0.8300000000000008482, 4.010000000000000675, -2.794500000000001094 ) ) ;
#1084 = DIRECTION ( 'NONE',  ( 1.000000000000000000, -0.000000000000000000, 0.000000000000000000 ) ) ;
#1085 = CARTESIAN_POINT ( 'NONE',  ( 1.720000000000000195, 4.010000000000000675, 0.000000000000000000 ) ) ;
#1086 = FILL_AREA_STYLE ('',( #1381 ) ) ;
#1087 = PLANE ( 'NONE',  #545 ) ;
#1088 = ADVANCED_FACE ( 'NONE', ( #86 ), #213, .F. ) ;
#1089 = EDGE_LOOP ( 'NONE', ( #1228, #769, #1103, #1566 ) ) ;
#1090 = FILL_AREA_STYLE_COLOUR ( '', #1254 ) ;
#1091 = CARTESIAN_POINT ( 'NONE',  ( -1.709999999999999298, 4.010000000000000675, 0.9150000000000000355 ) ) ;
#1092 = EDGE_LOOP ( 'NONE', ( #590, #620, #1869, #173 ) ) ;
#1093 = PRESENTATION_STYLE_ASSIGNMENT (( #508 ) ) ;
#1094 = EDGE_CURVE ( 'NONE', #1764, #774, #596, .T. ) ;
#1095 = SURFACE_SIDE_STYLE ('',( #510 ) ) ;
#1096 = DIRECTION ( 'NONE',  ( -0.000000000000000000, -1.000000000000000000, -0.000000000000000000 ) ) ;
#1097 = EDGE_LOOP ( 'NONE', ( #455, #1275, #1023, #1327 ) ) ;
#1098 = CARTESIAN_POINT ( 'NONE',  ( -1.709999999999999742, 4.110000000000001208, 3.455000000000000071 ) ) ;
#1099 = VECTOR ( 'NONE', #597, 1000.000000000000000 ) ;
#1100 =( GEOMETRIC_REPRESENTATION_CONTEXT ( 3 ) GLOBAL_UNCERTAINTY_ASSIGNED_CONTEXT ( ( #515 ) ) GLOBAL_UNIT_ASSIGNED_CONTEXT ( ( #804, #952, #534 ) ) REPRESENTATION_CONTEXT ( 'NONE', 'WORKASPACE' ) );
#1101 = SURFACE_STYLE_FILL_AREA ( #702 ) ;
#1102 = MECHANICAL_DESIGN_GEOMETRIC_PRESENTATION_REPRESENTATION (  '', ( #195 ), #1287 ) ;
#1103 = ORIENTED_EDGE ( 'NONE', *, *, #776, .T. ) ;
#1104 = DIRECTION ( 'NONE',  ( -1.551908638376102567E-16, 0.000000000000000000, -1.000000000000000000 ) ) ;
#1105 = VECTOR ( 'NONE', #1540, 1000.000000000000000 ) ;
#1106 = PRESENTATION_LAYER_ASSIGNMENT (  '', '', ( #763 ) ) ;
#1107 = VECTOR ( 'NONE', #1350, 1000.000000000000000 ) ;
#1108 = PLANE ( 'NONE',  #1883 ) ;
#1109 = ORIENTED_EDGE ( 'NONE', *, *, #1427, .F. ) ;
#1110 = UNCERTAINTY_MEASURE_WITH_UNIT (LENGTH_MEASURE( 1.000000000000000082E-05 ), #967, 'distance_accuracy_value', 'NONE');
#1111 =( NAMED_UNIT ( * ) PLANE_ANGLE_UNIT ( ) SI_UNIT ( $, .RADIAN. ) );
#1112 =( NAMED_UNIT ( * ) PLANE_ANGLE_UNIT ( ) SI_UNIT ( $, .RADIAN. ) );
#1113 = FACE_OUTER_BOUND ( 'NONE', #586, .T. ) ;
#1114 = ORIENTED_EDGE ( 'NONE', *, *, #155, .T. ) ;
#1115 = EDGE_CURVE ( 'NONE', #1463, #341, #749, .T. ) ;
#1116 = SURFACE_STYLE_FILL_AREA ( #1555 ) ;
#1117 = ORIENTED_EDGE ( 'NONE', *, *, #1819, .T. ) ;
#1118 = EDGE_CURVE ( 'NONE', #858, #1147, #566, .T. ) ;
#1119 = FILL_AREA_STYLE_COLOUR ( '', #1354 ) ;
#1120 =( LENGTH_UNIT ( ) NAMED_UNIT ( * ) SI_UNIT ( .MILLI., .METRE. ) );
#1121 = SURFACE_STYLE_USAGE ( .BOTH. , #115 ) ;
#1122 = EDGE_LOOP ( 'NONE', ( #831, #1057, #1514, #1011 ) ) ;
#1123 = DIRECTION ( 'NONE',  ( 0.000000000000000000, 0.000000000000000000, 1.000000000000000000 ) ) ;
#1124 = PLANE ( 'NONE',  #1161 ) ;
#1125 = CARTESIAN_POINT ( 'NONE',  ( -3.360000000000000320, 4.010000000000000675, -3.455000000000000071 ) ) ;
#1126 = EDGE_CURVE ( 'NONE', #396, #718, #282, .T. ) ;
#1127 = EDGE_CURVE ( 'NONE', #969, #26, #1158, .T. ) ;
#1128 = UNCERTAINTY_MEASURE_WITH_UNIT (LENGTH_MEASURE( 1.000000000000000082E-05 ), #327, 'distance_accuracy_value', 'NONE');
#1129 = COLOUR_RGB ( '',0.6666666666666666297, 0.6980392156862744724, 0.7686274509803920907 ) ;
#1130 = DIRECTION ( 'NONE',  ( 0.000000000000000000, 1.000000000000000000, 0.000000000000000000 ) ) ;
#1131 = CARTESIAN_POINT ( 'NONE',  ( 0.000000000000000000, 4.110000000000001208, 0.000000000000000000 ) ) ;
#1132 = ORIENTED_EDGE ( 'NONE', *, *, #564, .T. ) ;
#1133 = MECHANICAL_DESIGN_GEOMETRIC_PRESENTATION_REPRESENTATION (  '', ( #494 ), #694 ) ;
#1134 = VECTOR ( 'NONE', #1257, 1000.000000000000000 ) ;
#1135 = LINE ( 'NONE', #845, #270 ) ;
#1136 = DIRECTION ( 'NONE',  ( 1.314184451497580520E-16, 0.000000000000000000, -1.000000000000000000 ) ) ;
#1137 = PRESENTATION_LAYER_ASSIGNMENT (  '', '', ( #38 ) ) ;
#1138 = PRESENTATION_LAYER_ASSIGNMENT (  '', '', ( #1574 ) ) ;
#1139 = ORIENTED_EDGE ( 'NONE', *, *, #1471, .T. ) ;
#1140 = FACE_OUTER_BOUND ( 'NONE', #1713, .T. ) ;
#1141 = CARTESIAN_POINT ( 'NONE',  ( -3.360000000000000320, 4.010000000000000675, -0.000000000000000000 ) ) ;
#1142 = PRESENTATION_STYLE_ASSIGNMENT (( #1298 ) ) ;
#1143 = FILL_AREA_STYLE_COLOUR ( '', #1456 ) ;
#1144 = CARTESIAN_POINT ( 'NONE',  ( 0.000000000000000000, 4.110000000000001208, 3.455000000000000071 ) ) ;
#1145 = SURFACE_STYLE_USAGE ( .BOTH. , #266 ) ;
#1146 = CARTESIAN_POINT ( 'NONE',  ( -0.8199999999999999512, 4.010000000000000675, -3.455000000000000071 ) ) ;
#1147 = VERTEX_POINT ( 'NONE', #493 ) ;
#1148 = EDGE_CURVE ( 'NONE', #1252, #771, #1071, .T. ) ;
#1149 = DIRECTION ( 'NONE',  ( 0.000000000000000000, 1.000000000000000000, -0.000000000000000000 ) ) ;
#1150 = CARTESIAN_POINT ( 'NONE',  ( -3.935000000000000053, 4.010000000000000675, 2.794499999999999318 ) ) ;
#1151 = PLANE ( 'NONE',  #387 ) ;
#1152 = CARTESIAN_POINT ( 'NONE',  ( 3.370000000000000995, 4.110000000000001208, -5.753954836655355452E-16 ) ) ;
#1153 = ORIENTED_EDGE ( 'NONE', *, *, #32, .T. ) ;
#1154 = DIRECTION ( 'NONE',  ( 0.000000000000000000, 0.000000000000000000, 1.000000000000000000 ) ) ;
#1155 = COLOUR_RGB ( '',0.7921568627450980005, 0.8196078431372548767, 0.9333333333333333481 ) ;
#1156 = VECTOR ( 'NONE', #1336, 1000.000000000000000 ) ;
#1157 = ORIENTED_EDGE ( 'NONE', *, *, #1771, .T. ) ;
#1158 = LINE ( 'NONE', #783, #496 ) ;
#1159 = VECTOR ( 'NONE', #652, 1000.000000000000000 ) ;
#1160 = EDGE_CURVE ( 'NONE', #224, #191, #484, .T. ) ;
#1161 = AXIS2_PLACEMENT_3D ( 'NONE', #1809, #752, #599 ) ;
#1162 = PRESENTATION_LAYER_ASSIGNMENT (  '', '', ( #753 ) ) ;
#1163 = MECHANICAL_DESIGN_GEOMETRIC_PRESENTATION_REPRESENTATION (  '', ( #100 ), #1837 ) ;
#1164 = FACE_OUTER_BOUND ( 'NONE', #1660, .T. ) ;
#1165 = VECTOR ( 'NONE', #1218, 1000.000000000000000 ) ;
#1166 = SURFACE_SIDE_STYLE ('',( #1905 ) ) ;
#1167 =( NAMED_UNIT ( * ) PLANE_ANGLE_UNIT ( ) SI_UNIT ( $, .RADIAN. ) );
#1168 = PRESENTATION_LAYER_ASSIGNMENT (  '', '', ( #1522 ) ) ;
#1169 = ORIENTED_EDGE ( 'NONE', *, *, #1847, .T. ) ;
#1170 = CARTESIAN_POINT ( 'NONE',  ( 0.000000000000000000, 4.010000000000000675, 3.455000000000000071 ) ) ;
#1171 = FACE_OUTER_BOUND ( 'NONE', #1615, .T. ) ;
#1172 =( NAMED_UNIT ( * ) PLANE_ANGLE_UNIT ( ) SI_UNIT ( $, .RADIAN. ) );
#1173 = LINE ( 'NONE', #335, #574 ) ;
#1174 = EDGE_CURVE ( 'NONE', #1573, #1675, #1363, .T. ) ;
#1175 = EDGE_CURVE ( 'NONE', #268, #771, #638, .T. ) ;
#1176 = LINE ( 'NONE', #23, #523 ) ;
#1177 = DIRECTION ( 'NONE',  ( 0.000000000000000000, 0.000000000000000000, -1.000000000000000000 ) ) ;
#1178 = DIRECTION ( 'NONE',  ( 0.000000000000000000, 0.000000000000000000, 1.000000000000000000 ) ) ;
#1179 = ORIENTED_EDGE ( 'NONE', *, *, #681, .T. ) ;
#1180 = PLANE ( 'NONE',  #189 ) ;
#1181 = DIRECTION ( 'NONE',  ( -0.000000000000000000, -0.000000000000000000, -1.000000000000000000 ) ) ;
#1182 = ORIENTED_EDGE ( 'NONE', *, *, #1751, .T. ) ;
#1183 = DIRECTION ( 'NONE',  ( -1.707404996040164512E-16, 0.000000000000000000, -1.000000000000000000 ) ) ;
#1184 = DIRECTION ( 'NONE',  ( -1.000000000000000000, 0.000000000000000000, 0.000000000000000000 ) ) ;
#1185 = PRESENTATION_LAYER_ASSIGNMENT (  '', '', ( #1422 ) ) ;
#1186 = PRESENTATION_STYLE_ASSIGNMENT (( #1329 ) ) ;
#1187 = APPLICATION_PROTOCOL_DEFINITION ( 'draft international standard', 'automotive_design', 1998, #630 ) ;
#1188 = SURFACE_SIDE_STYLE ('',( #1026 ) ) ;
#1189 = ORIENTED_EDGE ( 'NONE', *, *, #1270, .T. ) ;
#1190 = COLOUR_RGB ( '',1.000000000000000000, 1.000000000000000000, 1.000000000000000000 ) ;
#1191 = DIRECTION ( 'NONE',  ( -1.000000000000000000, 0.000000000000000000, 0.000000000000000000 ) ) ;
#1192 = SURFACE_SIDE_STYLE ('',( #735 ) ) ;
#1193 = CARTESIAN_POINT ( 'NONE',  ( -1.709999999999999298, 4.110000000000001208, -0.9150000000000000355 ) ) ;
#1194 =( GEOMETRIC_REPRESENTATION_CONTEXT ( 3 ) GLOBAL_UNCERTAINTY_ASSIGNED_CONTEXT ( ( #1128 ) ) GLOBAL_UNIT_ASSIGNED_CONTEXT ( ( #327, #174, #603 ) ) REPRESENTATION_CONTEXT ( 'NONE', 'WORKASPACE' ) );
#1195 = ADVANCED_FACE ( 'NONE', ( #1219 ), #381, .T. ) ;
#1196 = DIRECTION ( 'NONE',  ( -0.000000000000000000, -1.000000000000000000, -0.000000000000000000 ) ) ;
#1197 = VECTOR ( 'NONE', #169, 1000.000000000000000 ) ;
#1198 = CARTESIAN_POINT ( 'NONE',  ( -0.8199999999999999512, 4.110000000000001208, -0.9149999999999998135 ) ) ;
#1199 = CARTESIAN_POINT ( 'NONE',  ( -3.935000000000000053, 4.010000000000000675, 2.794499999999999318 ) ) ;
#1200 = DIRECTION ( 'NONE',  ( 0.000000000000000000, 0.000000000000000000, 1.000000000000000000 ) ) ;
#1201 =( NAMED_UNIT ( * ) SI_UNIT ( $, .STERADIAN. ) SOLID_ANGLE_UNIT ( ) );
#1202 = DIRECTION ( 'NONE',  ( 1.314184451497580520E-16, 0.000000000000000000, -1.000000000000000000 ) ) ;
#1203 = ORIENTED_EDGE ( 'NONE', *, *, #1481, .T. ) ;
#1204 = LINE ( 'NONE', #362, #497 ) ;
#1205 = ORIENTED_EDGE ( 'NONE', *, *, #1392, .T. ) ;
#1206 = FILL_AREA_STYLE_COLOUR ( '', #1546 ) ;
#1207 = UNCERTAINTY_MEASURE_WITH_UNIT (LENGTH_MEASURE( 1.000000000000000082E-05 ), #1210, 'distance_accuracy_value', 'NONE');
#1208 = LINE ( 'NONE', #33, #283 ) ;
#1209 = CARTESIAN_POINT ( 'NONE',  ( -1.202478773120285660E-16, 4.010000000000000675, -0.9149999999999995914 ) ) ;
#1210 =( LENGTH_UNIT ( ) NAMED_UNIT ( * ) SI_UNIT ( .MILLI., .METRE. ) );
#1211 = ADVANCED_FACE ( 'NONE', ( #83 ), #1534, .F. ) ;
#1212 = DIRECTION ( 'NONE',  ( 0.000000000000000000, 0.000000000000000000, -1.000000000000000000 ) ) ;
#1213 = DIRECTION ( 'NONE',  ( 1.000000000000000000, -0.000000000000000000, 0.000000000000000000 ) ) ;
#1214 = ADVANCED_FACE ( 'NONE', ( #762 ), #43, .T. ) ;
#1215 = ORIENTED_EDGE ( 'NONE', *, *, #937, .F. ) ;
#1216 = PLANE ( 'NONE',  #668 ) ;
#1217 = ORIENTED_EDGE ( 'NONE', *, *, #1819, .F. ) ;
#1218 = DIRECTION ( 'NONE',  ( -0.000000000000000000, -1.000000000000000000, -0.000000000000000000 ) ) ;
#1219 = FACE_OUTER_BOUND ( 'NONE', #1089, .T. ) ;
#1220 = LINE ( 'NONE', #958, #666 ) ;
#1221 = EDGE_CURVE ( 'NONE', #734, #565, #659, .T. ) ;
#1222 = SURFACE_STYLE_USAGE ( .BOTH. , #65 ) ;
#1223 = VECTOR ( 'NONE', #1681, 1000.000000000000000 ) ;
#1224 = ORIENTED_EDGE ( 'NONE', *, *, #1148, .T. ) ;
#1225 = CARTESIAN_POINT ( 'NONE',  ( 3.370000000000000551, 4.110000000000001208, -3.455000000000000071 ) ) ;
#1226 = ORIENTED_EDGE ( 'NONE', *, *, #684, .F. ) ;
#1227 = PRESENTATION_LAYER_ASSIGNMENT (  '', '', ( #692 ) ) ;
#1228 = ORIENTED_EDGE ( 'NONE', *, *, #829, .F. ) ;
#1229 = PRESENTATION_LAYER_ASSIGNMENT (  '', '', ( #1319 ) ) ;
#1230 = VERTEX_POINT ( 'NONE', #1748 ) ;
#1231 = VECTOR ( 'NONE', #697, 1000.000000000000000 ) ;
#1232 = VECTOR ( 'NONE', #1395, 1000.000000000000000 ) ;
#1233 = CARTESIAN_POINT ( 'NONE',  ( 1.720000000000000195, 4.110000000000001208, 0.000000000000000000 ) ) ;
#1234 = CARTESIAN_POINT ( 'NONE',  ( 0.000000000000000000, 4.010000000000000675, -3.455000000000000071 ) ) ;
#1235 = VECTOR ( 'NONE', #847, 1000.000000000000000 ) ;
#1236 = PLANE ( 'NONE',  #1662 ) ;
#1237 = SURFACE_STYLE_FILL_AREA ( #971 ) ;
#1238 = EDGE_CURVE ( 'NONE', #635, #963, #291, .T. ) ;
#1239 = ORIENTED_EDGE ( 'NONE', *, *, #1481, .F. ) ;
#1240 = FACE_OUTER_BOUND ( 'NONE', #1122, .T. ) ;
#1241 =( NAMED_UNIT ( * ) SI_UNIT ( $, .STERADIAN. ) SOLID_ANGLE_UNIT ( ) );
#1242 = PRESENTATION_STYLE_ASSIGNMENT (( #654 ) ) ;
#1243 = VERTEX_POINT ( 'NONE', #1458 ) ;
#1244 = EDGE_CURVE ( 'NONE', #734, #53, #1774, .T. ) ;
#1245 = PLANE ( 'NONE',  #604 ) ;
#1246 = VERTEX_POINT ( 'NONE', #712 ) ;
#1247 = SURFACE_STYLE_FILL_AREA ( #1710 ) ;
#1248 = CARTESIAN_POINT ( 'NONE',  ( -1.709999999999999298, 4.010000000000000675, -0.9150000000000000355 ) ) ;
#1249 = ORIENTED_EDGE ( 'NONE', *, *, #1037, .F. ) ;
#1250 = STYLED_ITEM ( 'NONE', ( #1419 ), #244 ) ;
#1251 = SURFACE_STYLE_USAGE ( .BOTH. , #370 ) ;
#1252 = VERTEX_POINT ( 'NONE', #528 ) ;
#1253 = PRESENTATION_STYLE_ASSIGNMENT (( #953 ) ) ;
#1254 = COLOUR_RGB ( '',0.6666666666666666297, 0.6980392156862744724, 0.7686274509803920907 ) ;
#1255 = VECTOR ( 'NONE', #271, 1000.000000000000000 ) ;
#1256 = EDGE_CURVE ( 'NONE', #1764, #210, #1443, .T. ) ;
#1257 = DIRECTION ( 'NONE',  ( 1.551908638376102321E-16, 0.000000000000000000, 1.000000000000000000 ) ) ;
#1258 = VECTOR ( 'NONE', #1347, 1000.000000000000000 ) ;
#1259 = CARTESIAN_POINT ( 'NONE',  ( 0.000000000000000000, 4.010000000000000675, 0.000000000000000000 ) ) ;
#1260 = COLOUR_RGB ( '',1.000000000000000000, 1.000000000000000000, 1.000000000000000000 ) ;
#1261 = EDGE_LOOP ( 'NONE', ( #806, #1269, #314, #1608 ) ) ;
#1262 = EDGE_CURVE ( 'NONE', #793, #1373, #1740, .T. ) ;
#1263 = VECTOR ( 'NONE', #1521, 1000.000000000000000 ) ;
#1264 = DIRECTION ( 'NONE',  ( -1.000000000000000000, 0.000000000000000000, -1.707404996040164512E-16 ) ) ;
#1265 = COLOUR_RGB ( '',0.6666666666666666297, 0.6980392156862744724, 0.7686274509803920907 ) ;
#1266 = CARTESIAN_POINT ( 'NONE',  ( -3.935000000000000053, 4.010000000000000675, 2.794499999999999318 ) ) ;
#1267 = ORIENTED_EDGE ( 'NONE', *, *, #1160, .F. ) ;
#1268 = SURFACE_STYLE_USAGE ( .BOTH. , #813 ) ;
#1269 = ORIENTED_EDGE ( 'NONE', *, *, #1331, .F. ) ;
#1270 = EDGE_CURVE ( 'NONE', #802, #268, #1466, .T. ) ;
#1271 = FILL_AREA_STYLE ('',( #1119 ) ) ;
#1272 = VERTEX_POINT ( 'NONE', #298 ) ;
#1273 = FILL_AREA_STYLE ('',( #676 ) ) ;
#1274 =( NAMED_UNIT ( * ) PLANE_ANGLE_UNIT ( ) SI_UNIT ( $, .RADIAN. ) );
#1275 = ORIENTED_EDGE ( 'NONE', *, *, #1531, .T. ) ;
#1276 =( NAMED_UNIT ( * ) PLANE_ANGLE_UNIT ( ) SI_UNIT ( $, .RADIAN. ) );
#1277 = CARTESIAN_POINT ( 'NONE',  ( -1.202478773120285660E-16, 4.110000000000001208, 0.9149999999999995914 ) ) ;
#1278 = ADVANCED_FACE ( 'NONE', ( #1898 ), #870, .T. ) ;
#1279 = CARTESIAN_POINT ( 'NONE',  ( -3.935000000000000053, 0.000000000000000000, 2.794499999999999318 ) ) ;
#1280 = DIRECTION ( 'NONE',  ( 1.000000000000000000, 0.000000000000000000, 0.000000000000000000 ) ) ;
#1281 = UNCERTAINTY_MEASURE_WITH_UNIT (LENGTH_MEASURE( 1.000000000000000082E-05 ), #961, 'distance_accuracy_value', 'NONE');
#1282 = PRESENTATION_LAYER_ASSIGNMENT (  '', '', ( #1250 ) ) ;
#1283 = VECTOR ( 'NONE', #171, 1000.000000000000000 ) ;
#1284 = FACE_OUTER_BOUND ( 'NONE', #758, .T. ) ;
#1285 = FACE_OUTER_BOUND ( 'NONE', #364, .T. ) ;
#1286 = VERTEX_POINT ( 'NONE', #446 ) ;
#1287 =( GEOMETRIC_REPRESENTATION_CONTEXT ( 3 ) GLOBAL_UNCERTAINTY_ASSIGNED_CONTEXT ( ( #981 ) ) GLOBAL_UNIT_ASSIGNED_CONTEXT ( ( #203, #228, #1082 ) ) REPRESENTATION_CONTEXT ( 'NONE', 'WORKASPACE' ) );
#1288 = SURFACE_STYLE_FILL_AREA ( #1435 ) ;
#1289 =( LENGTH_UNIT ( ) NAMED_UNIT ( * ) SI_UNIT ( .MILLI., .METRE. ) );
#1290 = COLOUR_RGB ( '',0.6666666666666666297, 0.6980392156862744724, 0.7686274509803920907 ) ;
#1291 = DIRECTION ( 'NONE',  ( 0.000000000000000000, 1.000000000000000000, -0.000000000000000000 ) ) ;
#1292 = VECTOR ( 'NONE', #1178, 1000.000000000000000 ) ;
#1293 = EDGE_CURVE ( 'NONE', #297, #1573, #1176, .T. ) ;
#1294 = EDGE_CURVE ( 'NONE', #1725, #73, #347, .T. ) ;
#1295 = LINE ( 'NONE', #1580, #1051 ) ;
#1296 = VERTEX_POINT ( 'NONE', #1334 ) ;
#1297 = FILL_AREA_STYLE_COLOUR ( '', #274 ) ;
#1298 = SURFACE_STYLE_USAGE ( .BOTH. , #997 ) ;
#1299 = SURFACE_SIDE_STYLE ('',( #1101 ) ) ;
#1300 = CARTESIAN_POINT ( 'NONE',  ( 3.370000000000000995, 4.110000000000001208, 0.9150000000000000355 ) ) ;
#1301 = FILL_AREA_STYLE_COLOUR ( '', #1260 ) ;
#1302 = EDGE_CURVE ( 'NONE', #774, #963, #1529, .T. ) ;
#1303 = DIRECTION ( 'NONE',  ( -1.000000000000000000, 0.000000000000000000, -1.314184451497580520E-16 ) ) ;
#1304 = CARTESIAN_POINT ( 'NONE',  ( 0.000000000000000000, 4.110000000000001208, 0.000000000000000000 ) ) ;
#1305 = EDGE_LOOP ( 'NONE', ( #580, #905, #127, #842, #957 ) ) ;
#1306 = DIRECTION ( 'NONE',  ( -0.000000000000000000, -1.000000000000000000, -0.000000000000000000 ) ) ;
#1307 = CARTESIAN_POINT ( 'NONE',  ( 0.000000000000000000, 4.110000000000001208, 0.000000000000000000 ) ) ;
#1308 = CARTESIAN_POINT ( 'NONE',  ( -1.709999999999999742, 4.010000000000000675, -3.455000000000000071 ) ) ;
#1309 = AXIS2_PLACEMENT_3D ( 'NONE', #1756, #1016, #1465 ) ;
#1310 = STYLED_ITEM ( 'NONE', ( #986 ), #437 ) ;
#1311 = PRESENTATION_STYLE_ASSIGNMENT (( #1596 ) ) ;
#1312 = ADVANCED_FACE ( 'NONE', ( #468 ), #1078, .F. ) ;
#1313 = ORIENTED_EDGE ( 'NONE', *, *, #321, .F. ) ;
#1314 = STYLED_ITEM ( 'NONE', ( #592 ), #732 ) ;
#1315 = CARTESIAN_POINT ( 'NONE',  ( 0.000000000000000000, 4.110000000000001208, -3.455000000000000071 ) ) ;
#1316 = MECHANICAL_DESIGN_GEOMETRIC_PRESENTATION_REPRESENTATION (  '', ( #546 ), #193 ) ;
#1317 = EDGE_CURVE ( 'NONE', #126, #1893, #1204, .T. ) ;
#1318 = PLANE ( 'NONE',  #757 ) ;
#1319 = STYLED_ITEM ( 'NONE', ( #1512 ), #1088 ) ;
#1320 = CARTESIAN_POINT ( 'NONE',  ( -3.935000000000000941, 0.000000000000000000, -2.794500000000001094 ) ) ;
#1321 = VECTOR ( 'NONE', #236, 1000.000000000000000 ) ;
#1322 = CARTESIAN_POINT ( 'NONE',  ( 0.8300000000000004041, 4.110000000000001208, 3.455000000000000071 ) ) ;
#1323 =( GEOMETRIC_REPRESENTATION_CONTEXT ( 3 ) GLOBAL_UNCERTAINTY_ASSIGNED_CONTEXT ( ( #736 ) ) GLOBAL_UNIT_ASSIGNED_CONTEXT ( ( #187, #737, #1650 ) ) REPRESENTATION_CONTEXT ( 'NONE', 'WORKASPACE' ) );
#1324 = PRESENTATION_STYLE_ASSIGNMENT (( #1749 ) ) ;
#1325 = STYLED_ITEM ( 'NONE', ( #1821 ), #443 ) ;
#1326 = CARTESIAN_POINT ( 'NONE',  ( -0.8199999999999999512, 4.110000000000001208, 0.000000000000000000 ) ) ;
#1327 = ORIENTED_EDGE ( 'NONE', *, *, #555, .T. ) ;
#1328 = DIRECTION ( 'NONE',  ( 0.000000000000000000, 1.000000000000000000, -0.000000000000000000 ) ) ;
#1329 = SURFACE_STYLE_USAGE ( .BOTH. , #1045 ) ;
#1330 = CARTESIAN_POINT ( 'NONE',  ( -0.8199999999999999512, 4.010000000000000675, 0.9149999999999998135 ) ) ;
#1331 = EDGE_CURVE ( 'NONE', #406, #1418, #591, .T. ) ;
#1332 = DIRECTION ( 'NONE',  ( -0.000000000000000000, -1.000000000000000000, -0.000000000000000000 ) ) ;
#1333 = ORIENTED_EDGE ( 'NONE', *, *, #321, .T. ) ;
#1334 = CARTESIAN_POINT ( 'NONE',  ( -1.709999999999999742, 4.110000000000001208, 3.455000000000000071 ) ) ;
#1335 = ORIENTED_EDGE ( 'NONE', *, *, #1331, .T. ) ;
#1336 = DIRECTION ( 'NONE',  ( 1.000000000000000000, 0.000000000000000000, 0.000000000000000000 ) ) ;
#1337 = DIRECTION ( 'NONE',  ( 1.000000000000000000, 0.000000000000000000, 1.314184451497580520E-16 ) ) ;
#1338 = SURFACE_STYLE_FILL_AREA ( #359 ) ;
#1339 = ORIENTED_EDGE ( 'NONE', *, *, #1535, .T. ) ;
#1340 = DIRECTION ( 'NONE',  ( -1.000000000000000000, -0.000000000000000000, -0.000000000000000000 ) ) ;
#1341 = ORIENTED_EDGE ( 'NONE', *, *, #1772, .T. ) ;
#1342 =( NAMED_UNIT ( * ) PLANE_ANGLE_UNIT ( ) SI_UNIT ( $, .RADIAN. ) );
#1343 = ORIENTED_EDGE ( 'NONE', *, *, #1611, .T. ) ;
#1344 = DIRECTION ( 'NONE',  ( 1.000000000000000000, 0.000000000000000000, 1.314184451497580520E-16 ) ) ;
#1345 = UNCERTAINTY_MEASURE_WITH_UNIT (LENGTH_MEASURE( 1.000000000000000082E-05 ), #1552, 'distance_accuracy_value', 'NONE');
#1346 = LINE ( 'NONE', #738, #669 ) ;
#1347 = DIRECTION ( 'NONE',  ( -0.000000000000000000, -1.000000000000000000, -0.000000000000000000 ) ) ;
#1348 = VECTOR ( 'NONE', #512, 1000.000000000000000 ) ;
#1349 = SURFACE_SIDE_STYLE ('',( #1502 ) ) ;
#1350 = DIRECTION ( 'NONE',  ( 1.000000000000000000, -0.000000000000000000, 0.000000000000000000 ) ) ;
#1351 =( GEOMETRIC_REPRESENTATION_CONTEXT ( 3 ) GLOBAL_UNCERTAINTY_ASSIGNED_CONTEXT ( ( #1345 ) ) GLOBAL_UNIT_ASSIGNED_CONTEXT ( ( #1552, #279, #689 ) ) REPRESENTATION_CONTEXT ( 'NONE', 'WORKASPACE' ) );
#1352 = SURFACE_SIDE_STYLE ('',( #477 ) ) ;
#1353 =( GEOMETRIC_REPRESENTATION_CONTEXT ( 3 ) GLOBAL_UNCERTAINTY_ASSIGNED_CONTEXT ( ( #677 ) ) GLOBAL_UNIT_ASSIGNED_CONTEXT ( ( #186, #1112, #1560 ) ) REPRESENTATION_CONTEXT ( 'NONE', 'WORKASPACE' ) );
#1354 = COLOUR_RGB ( '',0.6666666666666666297, 0.6980392156862744724, 0.7686274509803920907 ) ;
#1355 = CARTESIAN_POINT ( 'NONE',  ( -1.709999999999999742, 4.110000000000001208, -3.455000000000000071 ) ) ;
#1356 = ORIENTED_EDGE ( 'NONE', *, *, #1674, .F. ) ;
#1357 = COLOUR_RGB ( '',0.6666666666666666297, 0.6980392156862744724, 0.7686274509803920907 ) ;
#1358 = FILL_AREA_STYLE_COLOUR ( '', #1429 ) ;
#1359 = FILL_AREA_STYLE ('',( #1206 ) ) ;
#1360 = DIRECTION ( 'NONE',  ( -0.000000000000000000, -1.000000000000000000, -0.000000000000000000 ) ) ;
#1361 = ADVANCED_FACE ( 'NONE', ( #770 ), #1216, .F. ) ;
#1362 = COLOUR_RGB ( '',0.6666666666666666297, 0.6980392156862744724, 0.7686274509803920907 ) ;
#1363 = LINE ( 'NONE', #1209, #36 ) ;
#1364 = VECTOR ( 'NONE', #1060, 1000.000000000000000 ) ;
#1365 = CARTESIAN_POINT ( 'NONE',  ( -1.202478773120285660E-16, 4.110000000000001208, -0.9149999999999995914 ) ) ;
#1366 = CARTESIAN_POINT ( 'NONE',  ( -3.935000000000000941, 4.010000000000000675, -2.794500000000001094 ) ) ;
#1367 = DIRECTION ( 'NONE',  ( -1.000000000000000000, -0.000000000000000000, -0.000000000000000000 ) ) ;
#1368 = VERTEX_POINT ( 'NONE', #1836 ) ;
#1369 = VERTEX_POINT ( 'NONE', #1225 ) ;
#1370 = CARTESIAN_POINT ( 'NONE',  ( 1.720000000000000195, 4.110000000000001208, 0.9149999999999998135 ) ) ;
#1371 = UNCERTAINTY_MEASURE_WITH_UNIT (LENGTH_MEASURE( 1.000000000000000082E-05 ), #181, 'distance_accuracy_value', 'NONE');
#1372 = FILL_AREA_STYLE ('',( #1783 ) ) ;
#1373 = VERTEX_POINT ( 'NONE', #636 ) ;
#1374 = ADVANCED_FACE ( 'NONE', ( #781 ), #500, .T. ) ;
#1375 = FILL_AREA_STYLE ('',( #1399 ) ) ;
#1376 = SURFACE_STYLE_FILL_AREA ( #1687 ) ;
#1377 = DIRECTION ( 'NONE',  ( 1.000000000000000000, 0.000000000000000000, 1.314184451497580520E-16 ) ) ;
#1378 = CARTESIAN_POINT ( 'NONE',  ( -1.709999999999999742, 4.010000000000000675, -3.455000000000000071 ) ) ;
#1379 =( NAMED_UNIT ( * ) PLANE_ANGLE_UNIT ( ) SI_UNIT ( $, .RADIAN. ) );
#1380 = VERTEX_POINT ( 'NONE', #1587 ) ;
#1381 = FILL_AREA_STYLE_COLOUR ( '', #890 ) ;
#1382 = CARTESIAN_POINT ( 'NONE',  ( 3.934999999999999165, 4.010000000000000675, -2.794500000000001094 ) ) ;
#1383 = SURFACE_SIDE_STYLE ('',( #1542 ) ) ;
#1384 = ADVANCED_FACE ( 'NONE', ( #1140 ), #578, .T. ) ;
#1385 = LINE ( 'NONE', #220, #457 ) ;
#1386 =( NAMED_UNIT ( * ) SI_UNIT ( $, .STERADIAN. ) SOLID_ANGLE_UNIT ( ) );
#1387 = ADVANCED_FACE ( 'NONE', ( #836 ), #410, .T. ) ;
#1388 = PLANE ( 'NONE',  #1545 ) ;
#1389 =( GEOMETRIC_REPRESENTATION_CONTEXT ( 3 ) GLOBAL_UNCERTAINTY_ASSIGNED_CONTEXT ( ( #628 ) ) GLOBAL_UNIT_ASSIGNED_CONTEXT ( ( #1004, #701, #1575 ) ) REPRESENTATION_CONTEXT ( 'NONE', 'WORKASPACE' ) );
#1390 = VECTOR ( 'NONE', #640, 1000.000000000000000 ) ;
#1391 =( GEOMETRIC_REPRESENTATION_CONTEXT ( 3 ) GLOBAL_UNCERTAINTY_ASSIGNED_CONTEXT ( ( #821 ) ) GLOBAL_UNIT_ASSIGNED_CONTEXT ( ( #1412, #1692, #977 ) ) REPRESENTATION_CONTEXT ( 'NONE', 'WORKASPACE' ) );
#1392 = EDGE_CURVE ( 'NONE', #946, #191, #866, .T. ) ;
#1393 = DIRECTION ( 'NONE',  ( 0.000000000000000000, 0.000000000000000000, -1.000000000000000000 ) ) ;
#1394 = VECTOR ( 'NONE', #576, 1000.000000000000000 ) ;
#1395 = DIRECTION ( 'NONE',  ( -0.000000000000000000, -0.000000000000000000, -1.000000000000000000 ) ) ;
#1396 = VECTOR ( 'NONE', #1408, 1000.000000000000000 ) ;
#1397 = UNCERTAINTY_MEASURE_WITH_UNIT (LENGTH_MEASURE( 1.000000000000000082E-05 ), #745, 'distance_accuracy_value', 'NONE');
#1398 = AXIS2_PLACEMENT_3D ( 'NONE', #418, #554, #1879 ) ;
#1399 = FILL_AREA_STYLE_COLOUR ( '', #1050 ) ;
#1400 = PRESENTATION_STYLE_ASSIGNMENT (( #815 ) ) ;
#1401 = CARTESIAN_POINT ( 'NONE',  ( 3.370000000000000995, 4.110000000000001208, 5.753954836655355452E-16 ) ) ;
#1402 = ORIENTED_EDGE ( 'NONE', *, *, #660, .T. ) ;
#1403 = FACE_OUTER_BOUND ( 'NONE', #1305, .T. ) ;
#1404 = LINE ( 'NONE', #1098, #524 ) ;
#1405 = CARTESIAN_POINT ( 'NONE',  ( 0.8300000000000009592, 4.010000000000000675, 1.417146146713337962E-16 ) ) ;
#1406 = DIRECTION ( 'NONE',  ( 1.000000000000000000, 0.000000000000000000, 1.314184451497580520E-16 ) ) ;
#1407 = ORIENTED_EDGE ( 'NONE', *, *, #980, .T. ) ;
#1408 = DIRECTION ( 'NONE',  ( -0.000000000000000000, -1.000000000000000000, -0.000000000000000000 ) ) ;
#1409 = LINE ( 'NONE', #1851, #1348 ) ;
#1410 =( NAMED_UNIT ( * ) PLANE_ANGLE_UNIT ( ) SI_UNIT ( $, .RADIAN. ) );
#1411 = ORIENTED_EDGE ( 'NONE', *, *, #182, .T. ) ;
#1412 =( LENGTH_UNIT ( ) NAMED_UNIT ( * ) SI_UNIT ( .MILLI., .METRE. ) );
#1413 = EDGE_CURVE ( 'NONE', #788, #1373, #627, .T. ) ;
#1414 = EDGE_CURVE ( 'NONE', #1032, #867, #889, .T. ) ;
#1415 = UNCERTAINTY_MEASURE_WITH_UNIT (LENGTH_MEASURE( 1.000000000000000082E-05 ), #1442, 'distance_accuracy_value', 'NONE');
#1416 = CARTESIAN_POINT ( 'NONE',  ( -3.360000000000000320, 4.110000000000001208, 0.000000000000000000 ) ) ;
#1417 = FACE_OUTER_BOUND ( 'NONE', #1070, .T. ) ;
#1418 = VERTEX_POINT ( 'NONE', #330 ) ;
#1419 = PRESENTATION_STYLE_ASSIGNMENT (( #1222 ) ) ;
#1420 = MECHANICAL_DESIGN_GEOMETRIC_PRESENTATION_REPRESENTATION (  '', ( #979 ), #2 ) ;
#1421 = ORIENTED_EDGE ( 'NONE', *, *, #1611, .F. ) ;
#1422 = STYLED_ITEM ( 'NONE', ( #214 ), #289 ) ;
#1423 =( LENGTH_UNIT ( ) NAMED_UNIT ( * ) SI_UNIT ( .MILLI., .METRE. ) );
#1424 =( GEOMETRIC_REPRESENTATION_CONTEXT ( 3 ) GLOBAL_UNCERTAINTY_ASSIGNED_CONTEXT ( ( #1826 ) ) GLOBAL_UNIT_ASSIGNED_CONTEXT ( ( #1448, #973, #698 ) ) REPRESENTATION_CONTEXT ( 'NONE', 'WORKASPACE' ) );
#1425 = VECTOR ( 'NONE', #1577, 1000.000000000000000 ) ;
#1426 =( GEOMETRIC_REPRESENTATION_CONTEXT ( 3 ) GLOBAL_UNCERTAINTY_ASSIGNED_CONTEXT ( ( #1706 ) ) GLOBAL_UNIT_ASSIGNED_CONTEXT ( ( #1423, #1, #263 ) ) REPRESENTATION_CONTEXT ( 'NONE', 'WORKASPACE' ) );
#1427 = EDGE_CURVE ( 'NONE', #858, #969, #1039, .T. ) ;
#1428 = DIRECTION ( 'NONE',  ( 1.000000000000000000, -0.000000000000000000, 0.000000000000000000 ) ) ;
#1429 = COLOUR_RGB ( '',0.6666666666666666297, 0.6980392156862744724, 0.7686274509803920907 ) ;
#1430 = VERTEX_POINT ( 'NONE', #1370 ) ;
#1431 = MECHANICAL_DESIGN_GEOMETRIC_PRESENTATION_REPRESENTATION (  '', ( #763 ), #1323 ) ;
#1432 =( GEOMETRIC_REPRESENTATION_CONTEXT ( 3 ) GLOBAL_UNCERTAINTY_ASSIGNED_CONTEXT ( ( #1469 ) ) GLOBAL_UNIT_ASSIGNED_CONTEXT ( ( #190, #154, #1614 ) ) REPRESENTATION_CONTEXT ( 'NONE', 'WORKASPACE' ) );
#1433 = DIRECTION ( 'NONE',  ( 0.000000000000000000, 0.000000000000000000, 1.000000000000000000 ) ) ;
#1434 = ORIENTED_EDGE ( 'NONE', *, *, #1685, .T. ) ;
#1435 = FILL_AREA_STYLE ('',( #1024 ) ) ;
#1436 = ADVANCED_FACE ( 'NONE', ( #1477 ), #1499, .T. ) ;
#1437 = SURFACE_STYLE_USAGE ( .BOTH. , #131 ) ;
#1438 = LINE ( 'NONE', #1279, #922 ) ;
#1439 = ORIENTED_EDGE ( 'NONE', *, *, #32, .F. ) ;
#1440 = SURFACE_SIDE_STYLE ('',( #1288 ) ) ;
#1441 = LINE ( 'NONE', #1150, #411 ) ;
#1442 =( LENGTH_UNIT ( ) NAMED_UNIT ( * ) SI_UNIT ( .MILLI., .METRE. ) );
#1443 = LINE ( 'NONE', #438, #1231 ) ;
#1444 = COLOUR_RGB ( '',0.6666666666666666297, 0.6980392156862744724, 0.7686274509803920907 ) ;
#1445 = UNCERTAINTY_MEASURE_WITH_UNIT (LENGTH_MEASURE( 1.000000000000000082E-05 ), #334, 'distance_accuracy_value', 'NONE');
#1446 = PRESENTATION_LAYER_ASSIGNMENT (  '', '', ( #1795 ) ) ;
#1447 = PRESENTATION_LAYER_ASSIGNMENT (  '', '', ( #385 ) ) ;
#1448 =( LENGTH_UNIT ( ) NAMED_UNIT ( * ) SI_UNIT ( .MILLI., .METRE. ) );
#1449 = CARTESIAN_POINT ( 'NONE',  ( -0.8199999999999999512, 4.010000000000000675, 0.000000000000000000 ) ) ;
#1450 = ORIENTED_EDGE ( 'NONE', *, *, #1623, .F. ) ;
#1451 = VECTOR ( 'NONE', #1306, 1000.000000000000000 ) ;
#1452 = PRODUCT ( 'ADE-1+', 'ADE-1+', '', ( #809 ) ) ;
#1453 = CARTESIAN_POINT ( 'NONE',  ( 3.370000000000000995, 4.010000000000000675, 5.753954836655355452E-16 ) ) ;
#1454 = SURFACE_STYLE_USAGE ( .BOTH. , #879 ) ;
#1455 = FACE_OUTER_BOUND ( 'NONE', #816, .T. ) ;
#1456 = COLOUR_RGB ( '',0.6666666666666666297, 0.6980392156862744724, 0.7686274509803920907 ) ;
#1457 = MECHANICAL_DESIGN_GEOMETRIC_PRESENTATION_REPRESENTATION (  '', ( #1707 ), #1798 ) ;
#1458 = CARTESIAN_POINT ( 'NONE',  ( -0.8199999999999999512, 4.010000000000000675, -2.794500000000001094 ) ) ;
#1459 = VECTOR ( 'NONE', #1069, 1000.000000000000000 ) ;
#1460 = FILL_AREA_STYLE_COLOUR ( '', #884 ) ;
#1461 = SURFACE_SIDE_STYLE ('',( #301 ) ) ;
#1462 = SURFACE_STYLE_FILL_AREA ( #992 ) ;
#1463 = VERTEX_POINT ( 'NONE', #1193 ) ;
#1464 = PLANE ( 'NONE',  #671 ) ;
#1465 = DIRECTION ( 'NONE',  ( -1.707404996040164512E-16, 0.000000000000000000, 1.000000000000000000 ) ) ;
#1466 = LINE ( 'NONE', #417, #853 ) ;
#1467 = EDGE_CURVE ( 'NONE', #396, #774, #1801, .T. ) ;
#1468 = CARTESIAN_POINT ( 'NONE',  ( -0.8199999999999999512, 4.010000000000000675, 2.794499999999999318 ) ) ;
#1469 = UNCERTAINTY_MEASURE_WITH_UNIT (LENGTH_MEASURE( 1.000000000000000082E-05 ), #190, 'distance_accuracy_value', 'NONE');
#1470 = CARTESIAN_POINT ( 'NONE',  ( -1.202478773120286153E-16, 4.010000000000000675, 0.9149999999999999245 ) ) ;
#1471 = EDGE_CURVE ( 'NONE', #1243, #876, #458, .T. ) ;
#1472 = ORIENTED_EDGE ( 'NONE', *, *, #1772, .F. ) ;
#1473 = CARTESIAN_POINT ( 'NONE',  ( -1.202478773120285660E-16, 4.110000000000001208, 0.9149999999999995914 ) ) ;
#1474 = PLANE ( 'NONE',  #1855 ) ;
#1475 = SURFACE_STYLE_USAGE ( .BOTH. , #1299 ) ;
#1476 = LINE ( 'NONE', #529, #318 ) ;
#1477 = FACE_OUTER_BOUND ( 'NONE', #1038, .T. ) ;
#1478 = MECHANICAL_DESIGN_GEOMETRIC_PRESENTATION_REPRESENTATION (  '', ( #1250 ), #658 ) ;
#1479 = PRESENTATION_STYLE_ASSIGNMENT (( #1500 ) ) ;
#1480 = ORIENTED_EDGE ( 'NONE', *, *, #1729, .F. ) ;
#1481 = EDGE_CURVE ( 'NONE', #326, #838, #759, .T. ) ;
#1482 = ADVANCED_FACE ( 'NONE', ( #1240 ), #1854, .F. ) ;
#1483 =( GEOMETRIC_REPRESENTATION_CONTEXT ( 3 ) GLOBAL_UNCERTAINTY_ASSIGNED_CONTEXT ( ( #1803 ) ) GLOBAL_UNIT_ASSIGNED_CONTEXT ( ( #451, #582, #35 ) ) REPRESENTATION_CONTEXT ( 'NONE', 'WORKASPACE' ) );
#1484 = CARTESIAN_POINT ( 'NONE',  ( -0.8199999999999999512, 4.010000000000000675, 0.000000000000000000 ) ) ;
#1485 =( GEOMETRIC_REPRESENTATION_CONTEXT ( 3 ) GLOBAL_UNCERTAINTY_ASSIGNED_CONTEXT ( ( #657 ) ) GLOBAL_UNIT_ASSIGNED_CONTEXT ( ( #1630, #308, #162 ) ) REPRESENTATION_CONTEXT ( 'NONE', 'WORKASPACE' ) );
#1486 = FACE_OUTER_BOUND ( 'NONE', #1097, .T. ) ;
#1487 = ORIENTED_EDGE ( 'NONE', *, *, #305, .T. ) ;
#1488 = DIRECTION ( 'NONE',  ( 0.000000000000000000, 0.000000000000000000, 1.000000000000000000 ) ) ;
#1489 = CARTESIAN_POINT ( 'NONE',  ( -3.360000000000000320, 4.010000000000000675, -0.9149999999999998135 ) ) ;
#1490 = CARTESIAN_POINT ( 'NONE',  ( 1.720000000000000195, 4.010000000000000675, 0.000000000000000000 ) ) ;
#1491 = COLOUR_RGB ( '',0.6666666666666666297, 0.6980392156862744724, 0.7686274509803920907 ) ;
#1492 =( GEOMETRIC_REPRESENTATION_CONTEXT ( 3 ) GLOBAL_UNCERTAINTY_ASSIGNED_CONTEXT ( ( #152 ) ) GLOBAL_UNIT_ASSIGNED_CONTEXT ( ( #231, #1410, #399 ) ) REPRESENTATION_CONTEXT ( 'NONE', 'WORKASPACE' ) );
#1493 = DIRECTION ( 'NONE',  ( -0.000000000000000000, -1.000000000000000000, -0.000000000000000000 ) ) ;
#1494 = ORIENTED_EDGE ( 'NONE', *, *, #829, .T. ) ;
#1495 = DIRECTION ( 'NONE',  ( 0.000000000000000000, 0.000000000000000000, 1.000000000000000000 ) ) ;
#1496 = SURFACE_STYLE_USAGE ( .BOTH. , #598 ) ;
#1497 = VERTEX_POINT ( 'NONE', #1715 ) ;
#1498 = ORIENTED_EDGE ( 'NONE', *, *, #1771, .F. ) ;
#1499 = PLANE ( 'NONE',  #39 ) ;
#1500 = SURFACE_STYLE_USAGE ( .BOTH. , #594 ) ;
#1501 = EDGE_LOOP ( 'NONE', ( #1686, #1506, #1636, #1494 ) ) ;
#1502 = SURFACE_STYLE_FILL_AREA ( #900 ) ;
#1503 = DIRECTION ( 'NONE',  ( -0.000000000000000000, -1.000000000000000000, -0.000000000000000000 ) ) ;
#1504 = PRESENTATION_STYLE_ASSIGNMENT (( #1655 ) ) ;
#1505 = LINE ( 'NONE', #1047, #600 ) ;
#1506 = ORIENTED_EDGE ( 'NONE', *, *, #937, .T. ) ;
#1507 = EDGE_CURVE ( 'NONE', #268, #260, #1872, .T. ) ;
#1508 = CARTESIAN_POINT ( 'NONE',  ( -3.360000000000000320, 4.110000000000001208, 0.9149999999999998135 ) ) ;
#1509 = SURFACE_STYLE_FILL_AREA ( #1372 ) ;
#1510 = DIRECTION ( 'NONE',  ( 0.000000000000000000, 0.000000000000000000, -1.000000000000000000 ) ) ;
#1511 = VECTOR ( 'NONE', #622, 1000.000000000000000 ) ;
#1512 = PRESENTATION_STYLE_ASSIGNMENT (( #1857 ) ) ;
#1513 = CARTESIAN_POINT ( 'NONE',  ( -3.935000000000000941, 4.010000000000000675, -2.794500000000001094 ) ) ;
#1514 = ORIENTED_EDGE ( 'NONE', *, *, #1094, .F. ) ;
#1515 = VECTOR ( 'NONE', #1213, 1000.000000000000000 ) ;
#1516 = SURFACE_STYLE_USAGE ( .BOTH. , #480 ) ;
#1517 = ORIENTED_EDGE ( 'NONE', *, *, #1115, .T. ) ;
#1518 =( GEOMETRIC_REPRESENTATION_CONTEXT ( 3 ) GLOBAL_UNCERTAINTY_ASSIGNED_CONTEXT ( ( #1397 ) ) GLOBAL_UNIT_ASSIGNED_CONTEXT ( ( #745, #31, #1646 ) ) REPRESENTATION_CONTEXT ( 'NONE', 'WORKASPACE' ) );
#1519 = SURFACE_STYLE_FILL_AREA ( #1621 ) ;
#1520 = VECTOR ( 'NONE', #875, 1000.000000000000000 ) ;
#1521 = DIRECTION ( 'NONE',  ( -0.000000000000000000, -1.000000000000000000, -0.000000000000000000 ) ) ;
#1522 = STYLED_ITEM ( 'NONE', ( #1479 ), #1742 ) ;
#1523 = ORIENTED_EDGE ( 'NONE', *, *, #798, .F. ) ;
#1524 = AXIS2_PLACEMENT_3D ( 'NONE', #1539, #521, #801 ) ;
#1525 = DIRECTION ( 'NONE',  ( 0.000000000000000000, 0.000000000000000000, 1.000000000000000000 ) ) ;
#1526 = DIRECTION ( 'NONE',  ( -0.000000000000000000, -1.000000000000000000, -0.000000000000000000 ) ) ;
#1527 = CARTESIAN_POINT ( 'NONE',  ( 3.370000000000000551, 4.010000000000000675, -3.455000000000000071 ) ) ;
#1528 = APPLICATION_PROTOCOL_DEFINITION ( 'draft international standard', 'automotive_design', 1998, #724 ) ;
#1529 = LINE ( 'NONE', #312, #1733 ) ;
#1530 = VERTEX_POINT ( 'NONE', #1838 ) ;
#1531 = EDGE_CURVE ( 'NONE', #876, #96, #945, .T. ) ;
#1532 = UNCERTAINTY_MEASURE_WITH_UNIT (LENGTH_MEASURE( 1.000000000000000082E-05 ), #1708, 'distance_accuracy_value', 'NONE');
#1533 = EDGE_LOOP ( 'NONE', ( #1224, #533, #1498, #994 ) ) ;
#1534 = PLANE ( 'NONE',  #1703 ) ;
#1535 = EDGE_CURVE ( 'NONE', #1272, #126, #820, .T. ) ;
#1536 = PLANE ( 'NONE',  #351 ) ;
#1537 = CARTESIAN_POINT ( 'NONE',  ( 0.8300000000000008482, 4.110000000000001208, 0.9150000000000000355 ) ) ;
#1538 = CARTESIAN_POINT ( 'NONE',  ( -0.8199999999999999512, 4.110000000000001208, -3.455000000000000071 ) ) ;
#1539 = CARTESIAN_POINT ( 'NONE',  ( 0.000000000000000000, 0.000000000000000000, 0.000000000000000000 ) ) ;
#1540 = DIRECTION ( 'NONE',  ( 1.707404996040164265E-16, 0.000000000000000000, -1.000000000000000000 ) ) ;
#1541 = ORIENTED_EDGE ( 'NONE', *, *, #1127, .T. ) ;
#1542 = SURFACE_STYLE_FILL_AREA ( #1375 ) ;
#1543 = SURFACE_SIDE_STYLE ('',( #1376 ) ) ;
#1544 = CARTESIAN_POINT ( 'NONE',  ( 0.000000000000000000, 4.010000000000000675, 3.455000000000000071 ) ) ;
#1545 = AXIS2_PLACEMENT_3D ( 'NONE', #808, #1264, #532 ) ;
#1546 = COLOUR_RGB ( '',0.6666666666666666297, 0.6980392156862744724, 0.7686274509803920907 ) ;
#1547 = LINE ( 'NONE', #1266, #1628 ) ;
#1548 = PRESENTATION_LAYER_ASSIGNMENT (  '', '', ( #1834 ) ) ;
#1549 =( GEOMETRIC_REPRESENTATION_CONTEXT ( 3 ) GLOBAL_UNCERTAINTY_ASSIGNED_CONTEXT ( ( #924 ) ) GLOBAL_UNIT_ASSIGNED_CONTEXT ( ( #51, #949, #505 ) ) REPRESENTATION_CONTEXT ( 'NONE', 'WORKASPACE' ) );
#1550 = SURFACE_SIDE_STYLE ('',( #58 ) ) ;
#1551 = MECHANICAL_DESIGN_GEOMETRIC_PRESENTATION_REPRESENTATION (  '', ( #1635 ), #962 ) ;
#1552 =( LENGTH_UNIT ( ) NAMED_UNIT ( * ) SI_UNIT ( .MILLI., .METRE. ) );
#1553 = ORIENTED_EDGE ( 'NONE', *, *, #903, .T. ) ;
#1554 = VECTOR ( 'NONE', #1902, 1000.000000000000000 ) ;
#1555 = FILL_AREA_STYLE ('',( #634 ) ) ;
#1556 = EDGE_CURVE ( 'NONE', #1296, #802, #1404, .T. ) ;
#1557 = SURFACE_STYLE_USAGE ( .BOTH. , #501 ) ;
#1558 = ORIENTED_EDGE ( 'NONE', *, *, #1160, .T. ) ;
#1559 = FILL_AREA_STYLE ('',( #965 ) ) ;
#1560 =( NAMED_UNIT ( * ) SI_UNIT ( $, .STERADIAN. ) SOLID_ANGLE_UNIT ( ) );
#1561 = LINE ( 'NONE', #238, #1390 ) ;
#1562 = ORIENTED_EDGE ( 'NONE', *, *, #81, .T. ) ;
#1563 =( NAMED_UNIT ( * ) SI_UNIT ( $, .STERADIAN. ) SOLID_ANGLE_UNIT ( ) );
#1564 = ORIENTED_EDGE ( 'NONE', *, *, #233, .F. ) ;
#1565 = DIRECTION ( 'NONE',  ( -1.000000000000000000, -0.000000000000000000, -0.000000000000000000 ) ) ;
#1566 = ORIENTED_EDGE ( 'NONE', *, *, #1875, .T. ) ;
#1567 = DIRECTION ( 'NONE',  ( -1.707404996040164512E-16, 0.000000000000000000, 1.000000000000000000 ) ) ;
#1568 = COLOUR_RGB ( '',0.6666666666666666297, 0.6980392156862744724, 0.7686274509803920907 ) ;
#1569 = MECHANICAL_DESIGN_GEOMETRIC_PRESENTATION_REPRESENTATION (  '', ( #1314 ), #1887 ) ;
#1570 = PRESENTATION_LAYER_ASSIGNMENT (  '', '', ( #460 ) ) ;
#1571 = MECHANICAL_DESIGN_GEOMETRIC_PRESENTATION_REPRESENTATION (  '', ( #1319 ), #1671 ) ;
#1572 = PRESENTATION_LAYER_ASSIGNMENT (  '', '', ( #100 ) ) ;
#1573 = VERTEX_POINT ( 'NONE', #509 ) ;
#1574 = STYLED_ITEM ( 'NONE', ( #535 ), #1582 ) ;
#1575 =( NAMED_UNIT ( * ) SI_UNIT ( $, .STERADIAN. ) SOLID_ANGLE_UNIT ( ) );
#1576 =( GEOMETRIC_REPRESENTATION_CONTEXT ( 3 ) GLOBAL_UNCERTAINTY_ASSIGNED_CONTEXT ( ( #365 ) ) GLOBAL_UNIT_ASSIGNED_CONTEXT ( ( #17, #1172, #1895 ) ) REPRESENTATION_CONTEXT ( 'NONE', 'WORKASPACE' ) );
#1577 = DIRECTION ( 'NONE',  ( -0.000000000000000000, -1.000000000000000000, -0.000000000000000000 ) ) ;
#1578 = FILL_AREA_STYLE ('',( #540 ) ) ;
#1579 = FILL_AREA_STYLE ('',( #1301 ) ) ;
#1580 = CARTESIAN_POINT ( 'NONE',  ( -3.935000000000000941, 4.010000000000000675, -2.794500000000001094 ) ) ;
#1581 = VERTEX_POINT ( 'NONE', #243 ) ;
#1582 = ADVANCED_FACE ( 'NONE', ( #670 ), #1704, .F. ) ;
#1583 = DIRECTION ( 'NONE',  ( 1.707404996040164265E-16, 0.000000000000000000, -1.000000000000000000 ) ) ;
#1584 = CARTESIAN_POINT ( 'NONE',  ( 3.370000000000000995, 4.110000000000001208, -0.9150000000000000355 ) ) ;
#1585 = SURFACE_STYLE_FILL_AREA ( #1578 ) ;
#1586 = DIRECTION ( 'NONE',  ( 0.000000000000000000, 0.000000000000000000, 1.000000000000000000 ) ) ;
#1587 = CARTESIAN_POINT ( 'NONE',  ( 3.370000000000000995, 4.110000000000001208, -0.9150000000000000355 ) ) ;
#1588 = PLANE ( 'NONE',  #1699 ) ;
#1589 =( LENGTH_UNIT ( ) NAMED_UNIT ( * ) SI_UNIT ( .MILLI., .METRE. ) );
#1590 = ORIENTED_EDGE ( 'NONE', *, *, #772, .T. ) ;
#1591 = ADVANCED_FACE ( 'NONE', ( #1164 ), #412, .T. ) ;
#1592 =( NAMED_UNIT ( * ) SI_UNIT ( $, .STERADIAN. ) SOLID_ANGLE_UNIT ( ) );
#1593 = FILL_AREA_STYLE ('',( #440 ) ) ;
#1594 =( GEOMETRIC_REPRESENTATION_CONTEXT ( 3 ) GLOBAL_UNCERTAINTY_ASSIGNED_CONTEXT ( ( #101 ) ) GLOBAL_UNIT_ASSIGNED_CONTEXT ( ( #1786, #1046, #894 ) ) REPRESENTATION_CONTEXT ( 'NONE', 'WORKASPACE' ) );
#1595 = PRESENTATION_LAYER_ASSIGNMENT (  '', '', ( #572 ) ) ;
#1596 = SURFACE_STYLE_USAGE ( .BOTH. , #717 ) ;
#1597 = ORIENTED_EDGE ( 'NONE', *, *, #1238, .T. ) ;
#1598 = AXIS2_PLACEMENT_3D ( 'NONE', #145, #1328, #138 ) ;
#1599 = STYLED_ITEM ( 'NONE', ( #1750 ), #1384 ) ;
#1600 = LINE ( 'NONE', #1012, #1554 ) ;
#1601 = AXIS2_PLACEMENT_3D ( 'NONE', #1131, #563, #993 ) ;
#1602 = EDGE_CURVE ( 'NONE', #718, #635, #1000, .T. ) ;
#1603 = DIRECTION ( 'NONE',  ( 1.000000000000000000, 0.000000000000000000, 0.000000000000000000 ) ) ;
#1604 = ADVANCED_FACE ( 'NONE', ( #1285 ), #143, .T. ) ;
#1605 = DIRECTION ( 'NONE',  ( 1.000000000000000000, 0.000000000000000000, 1.314184451497580520E-16 ) ) ;
#1606 = DIRECTION ( 'NONE',  ( 0.000000000000000000, 0.000000000000000000, 1.000000000000000000 ) ) ;
#1607 =( NAMED_UNIT ( * ) SI_UNIT ( $, .STERADIAN. ) SOLID_ANGLE_UNIT ( ) );
#1608 = ORIENTED_EDGE ( 'NONE', *, *, #242, .T. ) ;
#1609 = SURFACE_STYLE_USAGE ( .BOTH. , #1188 ) ;
#1610 = DIRECTION ( 'NONE',  ( -0.000000000000000000, -1.000000000000000000, -0.000000000000000000 ) ) ;
#1611 = EDGE_CURVE ( 'NONE', #635, #1243, #1295, .T. ) ;
#1612 = CARTESIAN_POINT ( 'NONE',  ( -0.8199999999999999512, 4.110000000000001208, 0.000000000000000000 ) ) ;
#1613 =( NAMED_UNIT ( * ) SI_UNIT ( $, .STERADIAN. ) SOLID_ANGLE_UNIT ( ) );
#1614 =( NAMED_UNIT ( * ) SI_UNIT ( $, .STERADIAN. ) SOLID_ANGLE_UNIT ( ) );
#1615 = EDGE_LOOP ( 'NONE', ( #40, #1790, #1634, #1517, #175 ) ) ;
#1616 = SURFACE_STYLE_FILL_AREA ( #740 ) ;
#1617 = FILL_AREA_STYLE_COLOUR ( '', #1265 ) ;
#1618 = FILL_AREA_STYLE_COLOUR ( '', #1667 ) ;
#1619 = LINE ( 'NONE', #309, #791 ) ;
#1620 = ORIENTED_EDGE ( 'NONE', *, *, #1262, .T. ) ;
#1621 = FILL_AREA_STYLE ('',( #49 ) ) ;
#1622 = COLOUR_RGB ( '',0.6666666666666666297, 0.6980392156862744724, 0.7686274509803920907 ) ;
#1623 = EDGE_CURVE ( 'NONE', #1243, #210, #841, .T. ) ;
#1624 = VECTOR ( 'NONE', #764, 1000.000000000000000 ) ;
#1625 = CARTESIAN_POINT ( 'NONE',  ( -3.360000000000000320, 4.110000000000001208, 0.000000000000000000 ) ) ;
#1626 = EDGE_LOOP ( 'NONE', ( #1114, #1523, #445, #1407 ) ) ;
#1627 = COLOUR_RGB ( '',0.6666666666666666297, 0.6980392156862744724, 0.7686274509803920907 ) ;
#1628 = VECTOR ( 'NONE', #109, 1000.000000000000000 ) ;
#1629 = CARTESIAN_POINT ( 'NONE',  ( 3.934999999999999165, 0.000000000000000000, 2.794499999999999318 ) ) ;
#1630 =( LENGTH_UNIT ( ) NAMED_UNIT ( * ) SI_UNIT ( .MILLI., .METRE. ) );
#1631 = VECTOR ( 'NONE', #1084, 1000.000000000000000 ) ;
#1632 = SURFACE_STYLE_USAGE ( .BOTH. , #46 ) ;
#1633 = MECHANICAL_DESIGN_GEOMETRIC_PRESENTATION_REPRESENTATION (  '', ( #1599 ), #1766 ) ;
#1634 = ORIENTED_EDGE ( 'NONE', *, *, #107, .T. ) ;
#1635 = STYLED_ITEM ( 'NONE', ( #1311 ), #1604 ) ;
#1636 = ORIENTED_EDGE ( 'NONE', *, *, #1693, .F. ) ;
#1637 = DIRECTION ( 'NONE',  ( 1.707404996040164265E-16, 0.000000000000000000, 1.000000000000000000 ) ) ;
#1638 = DIRECTION ( 'NONE',  ( 1.707404996040164265E-16, 0.000000000000000000, -1.000000000000000000 ) ) ;
#1639 = VERTEX_POINT ( 'NONE', #1146 ) ;
#1640 = DIRECTION ( 'NONE',  ( 0.000000000000000000, 0.000000000000000000, -1.000000000000000000 ) ) ;
#1641 = EDGE_CURVE ( 'NONE', #1252, #1418, #424, .T. ) ;
#1642 = LINE ( 'NONE', #1537, #828 ) ;
#1643 = CARTESIAN_POINT ( 'NONE',  ( -3.935000000000000941, 4.010000000000000675, -2.794500000000001094 ) ) ;
#1644 = PLANE ( 'NONE',  #313 ) ;
#1645 = ORIENTED_EDGE ( 'NONE', *, *, #1674, .T. ) ;
#1646 =( NAMED_UNIT ( * ) SI_UNIT ( $, .STERADIAN. ) SOLID_ANGLE_UNIT ( ) );
#1647 = PLANE ( 'NONE',  #275 ) ;
#1648 = SURFACE_SIDE_STYLE ('',( #618 ) ) ;
#1649 = VERTEX_POINT ( 'NONE', #352 ) ;
#1650 =( NAMED_UNIT ( * ) SI_UNIT ( $, .STERADIAN. ) SOLID_ANGLE_UNIT ( ) );
#1651 = LINE ( 'NONE', #441, #1459 ) ;
#1652 = ORIENTED_EDGE ( 'NONE', *, *, #1256, .F. ) ;
#1653 = CARTESIAN_POINT ( 'NONE',  ( -3.935000000000000053, 4.010000000000000675, 2.794499999999999318 ) ) ;
#1654 = FILL_AREA_STYLE ('',( #485 ) ) ;
#1655 = SURFACE_STYLE_USAGE ( .BOTH. , #1352 ) ;
#1656 = EDGE_CURVE ( 'NONE', #490, #946, #449, .T. ) ;
#1657 =( LENGTH_UNIT ( ) NAMED_UNIT ( * ) SI_UNIT ( .MILLI., .METRE. ) );
#1658 = ORIENTED_EDGE ( 'NONE', *, *, #1001, .T. ) ;
#1659 = CARTESIAN_POINT ( 'NONE',  ( 0.8300000000000009592, 4.110000000000001208, 1.417146146713337962E-16 ) ) ;
#1660 = EDGE_LOOP ( 'NONE', ( #30, #1434, #79, #229 ) ) ;
#1661 = SURFACE_STYLE_USAGE ( .BOTH. , #1383 ) ;
#1662 = AXIS2_PLACEMENT_3D ( 'NONE', #378, #1844, #1567 ) ;
#1663 = FILL_AREA_STYLE_COLOUR ( '', #1665 ) ;
#1664 = PRESENTATION_STYLE_ASSIGNMENT (( #1496 ) ) ;
#1665 = COLOUR_RGB ( '',1.000000000000000000, 1.000000000000000000, 1.000000000000000000 ) ;
#1666 = LINE ( 'NONE', #1378, #158 ) ;
#1667 = COLOUR_RGB ( '',0.6666666666666666297, 0.6980392156862744724, 0.7686274509803920907 ) ;
#1668 = FILL_AREA_STYLE_COLOUR ( '', #1155 ) ;
#1669 = EDGE_CURVE ( 'NONE', #707, #326, #483, .T. ) ;
#1670 = ORIENTED_EDGE ( 'NONE', *, *, #776, .F. ) ;
#1671 =( GEOMETRIC_REPRESENTATION_CONTEXT ( 3 ) GLOBAL_UNCERTAINTY_ASSIGNED_CONTEXT ( ( #782 ) ) GLOBAL_UNIT_ASSIGNED_CONTEXT ( ( #1818, #1689, #27 ) ) REPRESENTATION_CONTEXT ( 'NONE', 'WORKASPACE' ) );
#1672 = FILL_AREA_STYLE ('',( #1358 ) ) ;
#1673 = PRESENTATION_LAYER_ASSIGNMENT (  '', '', ( #1599 ) ) ;
#1674 = EDGE_CURVE ( 'NONE', #1369, #1380, #925, .T. ) ;
#1675 = VERTEX_POINT ( 'NONE', #319 ) ;
#1676 = VECTOR ( 'NONE', #430, 1000.000000000000000 ) ;
#1677 = ORIENTED_EDGE ( 'NONE', *, *, #681, .F. ) ;
#1678 = FILL_AREA_STYLE_COLOUR ( '', #727 ) ;
#1679 = SURFACE_STYLE_USAGE ( .BOTH. , #1095 ) ;
#1680 = CARTESIAN_POINT ( 'NONE',  ( -3.935000000000000053, 4.010000000000000675, 2.794499999999999318 ) ) ;
#1681 = DIRECTION ( 'NONE',  ( 0.000000000000000000, 0.000000000000000000, -1.000000000000000000 ) ) ;
#1682 = SURFACE_STYLE_FILL_AREA ( #1086 ) ;
#1683 = CARTESIAN_POINT ( 'NONE',  ( 1.720000000000000195, 4.110000000000001208, 0.000000000000000000 ) ) ;
#1684 = SURFACE_SIDE_STYLE ('',( #790 ) ) ;
#1685 = EDGE_CURVE ( 'NONE', #707, #1296, #1346, .T. ) ;
#1686 = ORIENTED_EDGE ( 'NONE', *, *, #9, .T. ) ;
#1687 = FILL_AREA_STYLE ('',( #1090 ) ) ;
#1688 = SURFACE_SIDE_STYLE ('',( #1842 ) ) ;
#1689 =( NAMED_UNIT ( * ) PLANE_ANGLE_UNIT ( ) SI_UNIT ( $, .RADIAN. ) );
#1690 = FILL_AREA_STYLE_COLOUR ( '', #1129 ) ;
#1691 = ORIENTED_EDGE ( 'NONE', *, *, #107, .F. ) ;
#1692 =( NAMED_UNIT ( * ) PLANE_ANGLE_UNIT ( ) SI_UNIT ( $, .RADIAN. ) );
#1693 = EDGE_CURVE ( 'NONE', #1497, #297, #471, .T. ) ;
#1694 = DIRECTION ( 'NONE',  ( 1.000000000000000000, 0.000000000000000000, 0.000000000000000000 ) ) ;
#1695 = PRESENTATION_STYLE_ASSIGNMENT (( #1679 ) ) ;
#1696 = SURFACE_STYLE_USAGE ( .BOTH. , #1688 ) ;
#1697 = SURFACE_STYLE_FILL_AREA ( #76 ) ;
#1698 = LINE ( 'NONE', #787, #951 ) ;
#1699 = AXIS2_PLACEMENT_3D ( 'NONE', #556, #705, #1303 ) ;
#1700 = ORIENTED_EDGE ( 'NONE', *, *, #1413, .F. ) ;
#1701 = VECTOR ( 'NONE', #300, 1000.000000000000000 ) ;
#1702 = MECHANICAL_DESIGN_GEOMETRIC_PRESENTATION_REPRESENTATION (  '', ( #409 ), #1100 ) ;
#1703 = AXIS2_PLACEMENT_3D ( 'NONE', #909, #1510, #192 ) ;
#1704 = PLANE ( 'NONE',  #1734 ) ;
#1705 = STYLED_ITEM ( 'NONE', ( #1904 ), #1278 ) ;
#1706 = UNCERTAINTY_MEASURE_WITH_UNIT (LENGTH_MEASURE( 1.000000000000000082E-05 ), #1423, 'distance_accuracy_value', 'NONE');
#1707 = STYLED_ITEM ( 'NONE', ( #1253 ), #1482 ) ;
#1708 =( LENGTH_UNIT ( ) NAMED_UNIT ( * ) SI_UNIT ( .MILLI., .METRE. ) );
#1709 = ORIENTED_EDGE ( 'NONE', *, *, #1317, .F. ) ;
#1710 = FILL_AREA_STYLE ('',( #1843 ) ) ;
#1711 = MECHANICAL_DESIGN_GEOMETRIC_PRESENTATION_REPRESENTATION (  '', ( #1802 ), #130 ) ;
#1712 = EDGE_CURVE ( 'NONE', #771, #946, #1208, .T. ) ;
#1713 = EDGE_LOOP ( 'NONE', ( #1784, #1882, #15, #1411, #1822, #1153, #605, #116, #93, #472, #166, #1205, #1267, #384, #389, #1620, #686, #1117, #1339, #645, #742, #144, #199, #1341, #1597, #664, #1450, #1139 ) ) ;
#1714 = FILL_AREA_STYLE_COLOUR ( '', #789 ) ;
#1715 = CARTESIAN_POINT ( 'NONE',  ( 1.720000000000000195, 4.010000000000000675, -3.455000000000000071 ) ) ;
#1716 = LINE ( 'NONE', #561, #251 ) ;
#1717 = PLANE ( 'NONE',  #982 ) ;
#1718 = EDGE_LOOP ( 'NONE', ( #943, #926, #897, #667 ) ) ;
#1719 = SURFACE_STYLE_FILL_AREA ( #817 ) ;
#1720 = EDGE_CURVE ( 'NONE', #771, #224, #899, .T. ) ;
#1721 = DIRECTION ( 'NONE',  ( 1.000000000000000000, 0.000000000000000000, 0.000000000000000000 ) ) ;
#1722 = DIRECTION ( 'NONE',  ( -1.314184451497580520E-16, 0.000000000000000000, -1.000000000000000000 ) ) ;
#1723 = UNCERTAINTY_MEASURE_WITH_UNIT (LENGTH_MEASURE( 1.000000000000000082E-05 ), #714, 'distance_accuracy_value', 'NONE');
#1724 =( NAMED_UNIT ( * ) PLANE_ANGLE_UNIT ( ) SI_UNIT ( $, .RADIAN. ) );
#1725 = VERTEX_POINT ( 'NONE', #891 ) ;
#1726 = FILL_AREA_STYLE ('',( #674 ) ) ;
#1727 = MECHANICAL_DESIGN_GEOMETRIC_PRESENTATION_REPRESENTATION (  '', ( #150 ), #1483 ) ;
#1728 = FILL_AREA_STYLE_COLOUR ( '', #1757 ) ;
#1729 = EDGE_CURVE ( 'NONE', #406, #1581, #1814, .T. ) ;
#1730 = VECTOR ( 'NONE', #1781, 1000.000000000000000 ) ;
#1731 = EDGE_CURVE ( 'NONE', #707, #1246, #25, .T. ) ;
#1732 = EDGE_CURVE ( 'NONE', #96, #867, #1651, .T. ) ;
#1733 = VECTOR ( 'NONE', #1067, 1000.000000000000000 ) ;
#1734 = AXIS2_PLACEMENT_3D ( 'NONE', #711, #1280, #990 ) ;
#1735 = DIRECTION ( 'NONE',  ( 1.707404996040164265E-16, 0.000000000000000000, -1.000000000000000000 ) ) ;
#1736 = CARTESIAN_POINT ( 'NONE',  ( 1.720000000000000195, 4.110000000000001208, 3.455000000000000071 ) ) ;
#1737 = AXIS2_PLACEMENT_3D ( 'NONE', #1831, #343, #1200 ) ;
#1738 = SURFACE_STYLE_USAGE ( .BOTH. , #1877 ) ;
#1739 = ORIENTED_EDGE ( 'NONE', *, *, #448, .F. ) ;
#1740 = LINE ( 'NONE', #1028, #70 ) ;
#1741 =( LENGTH_UNIT ( ) NAMED_UNIT ( * ) SI_UNIT ( .MILLI., .METRE. ) );
#1742 = ADVANCED_FACE ( 'NONE', ( #202 ), #610, .T. ) ;
#1743 = ORIENTED_EDGE ( 'NONE', *, *, #798, .T. ) ;
#1744 = VERTEX_POINT ( 'NONE', #14 ) ;
#1745 = DIRECTION ( 'NONE',  ( 0.000000000000000000, 0.000000000000000000, -1.000000000000000000 ) ) ;
#1746 = PLANE ( 'NONE',  #1737 ) ;
#1747 = FACE_OUTER_BOUND ( 'NONE', #467, .T. ) ;
#1748 = CARTESIAN_POINT ( 'NONE',  ( -1.709999999999999742, 4.110000000000001208, -3.455000000000000071 ) ) ;
#1749 = SURFACE_STYLE_USAGE ( .BOTH. , #1166 ) ;
#1750 = PRESENTATION_STYLE_ASSIGNMENT (( #1145 ) ) ;
#1751 = EDGE_CURVE ( 'NONE', #1230, #537, #178, .T. ) ;
#1752 = ORIENTED_EDGE ( 'NONE', *, *, #1040, .T. ) ;
#1753 = FILL_AREA_STYLE_COLOUR ( '', #840 ) ;
#1754 = EDGE_CURVE ( 'NONE', #311, #490, #1793, .T. ) ;
#1755 = CARTESIAN_POINT ( 'NONE',  ( 0.8300000000000009592, 4.010000000000000675, 1.417146146713337962E-16 ) ) ;
#1756 = CARTESIAN_POINT ( 'NONE',  ( 0.8300000000000009592, 4.110000000000001208, 1.417146146713337962E-16 ) ) ;
#1757 = COLOUR_RGB ( '',0.6666666666666666297, 0.6980392156862744724, 0.7686274509803920907 ) ;
#1758 = ORIENTED_EDGE ( 'NONE', *, *, #960, .T. ) ;
#1759 =( NAMED_UNIT ( * ) PLANE_ANGLE_UNIT ( ) SI_UNIT ( $, .RADIAN. ) );
#1760 =( LENGTH_UNIT ( ) NAMED_UNIT ( * ) SI_UNIT ( .MILLI., .METRE. ) );
#1761 = PRESENTATION_LAYER_ASSIGNMENT (  '', '', ( #1310 ) ) ;
#1762 = VECTOR ( 'NONE', #777, 1000.000000000000000 ) ;
#1763 = PRESENTATION_LAYER_ASSIGNMENT (  '', '', ( #546 ) ) ;
#1764 = VERTEX_POINT ( 'NONE', #1804 ) ;
#1765 = STYLED_ITEM ( 'NONE', ( #1006 ), #1214 ) ;
#1766 =( GEOMETRIC_REPRESENTATION_CONTEXT ( 3 ) GLOBAL_UNCERTAINTY_ASSIGNED_CONTEXT ( ( #24 ) ) GLOBAL_UNIT_ASSIGNED_CONTEXT ( ( #5, #1167, #1613 ) ) REPRESENTATION_CONTEXT ( 'NONE', 'WORKASPACE' ) );
#1767 = FACE_OUTER_BOUND ( 'NONE', #374, .T. ) ;
#1768 = SURFACE_STYLE_FILL_AREA ( #569 ) ;
#1769 = FILL_AREA_STYLE ('',( #1618 ) ) ;
#1770 = MECHANICAL_DESIGN_GEOMETRIC_PRESENTATION_REPRESENTATION (  '', ( #71 ), #323 ) ;
#1771 = EDGE_CURVE ( 'NONE', #1418, #224, #269, .T. ) ;
#1772 = EDGE_CURVE ( 'NONE', #297, #635, #1600, .T. ) ;
#1773 = DIRECTION ( 'NONE',  ( 0.000000000000000000, 1.000000000000000000, -0.000000000000000000 ) ) ;
#1774 = LINE ( 'NONE', #264, #322 ) ;
#1775 = LINE ( 'NONE', #237, #1730 ) ;
#1776 = CARTESIAN_POINT ( 'NONE',  ( 0.000000000000000000, 4.010000000000000675, 0.000000000000000000 ) ) ;
#1777 = ORIENTED_EDGE ( 'NONE', *, *, #960, .F. ) ;
#1778 = DIRECTION ( 'NONE',  ( 1.000000000000000000, -0.000000000000000000, 0.000000000000000000 ) ) ;
#1779 = SURFACE_STYLE_FILL_AREA ( #589 ) ;
#1780 = CARTESIAN_POINT ( 'NONE',  ( 0.000000000000000000, 4.010000000000000675, 0.000000000000000000 ) ) ;
#1781 = DIRECTION ( 'NONE',  ( 1.000000000000000000, 0.000000000000000000, -1.314184451497580520E-16 ) ) ;
#1782 = UNCERTAINTY_MEASURE_WITH_UNIT (LENGTH_MEASURE( 1.000000000000000082E-05 ), #278, 'distance_accuracy_value', 'NONE');
#1783 = FILL_AREA_STYLE_COLOUR ( '', #1362 ) ;
#1784 = ORIENTED_EDGE ( 'NONE', *, *, #1027, .T. ) ;
#1785 = CARTESIAN_POINT ( 'NONE',  ( 0.000000000000000000, 4.110000000000001208, 3.455000000000000071 ) ) ;
#1786 =( LENGTH_UNIT ( ) NAMED_UNIT ( * ) SI_UNIT ( .MILLI., .METRE. ) );
#1787 = SURFACE_STYLE_USAGE ( .BOTH. , #1065 ) ;
#1788 = EDGE_LOOP ( 'NONE', ( #869, #106, #232, #1564 ) ) ;
#1789 = DIRECTION ( 'NONE',  ( -0.000000000000000000, -1.000000000000000000, -0.000000000000000000 ) ) ;
#1790 = ORIENTED_EDGE ( 'NONE', *, *, #1751, .F. ) ;
#1791 = CARTESIAN_POINT ( 'NONE',  ( 0.8300000000000009592, 4.110000000000001208, -1.417146146713337962E-16 ) ) ;
#1792 = VECTOR ( 'NONE', #52, 1000.000000000000000 ) ;
#1793 = LINE ( 'NONE', #748, #646 ) ;
#1794 = DIRECTION ( 'NONE',  ( 1.000000000000000000, 0.000000000000000000, -1.314184451497580520E-16 ) ) ;
#1795 = STYLED_ITEM ( 'NONE', ( #474 ), #629 ) ;
#1796 =( GEOMETRIC_REPRESENTATION_CONTEXT ( 3 ) GLOBAL_UNCERTAINTY_ASSIGNED_CONTEXT ( ( #254 ) ) GLOBAL_UNIT_ASSIGNED_CONTEXT ( ( #1760, #395, #149 ) ) REPRESENTATION_CONTEXT ( 'NONE', 'WORKASPACE' ) );
#1797 = ORIENTED_EDGE ( 'NONE', *, *, #233, .T. ) ;
#1798 =( GEOMETRIC_REPRESENTATION_CONTEXT ( 3 ) GLOBAL_UNCERTAINTY_ASSIGNED_CONTEXT ( ( #1800 ) ) GLOBAL_UNIT_ASSIGNED_CONTEXT ( ( #1120, #372, #526 ) ) REPRESENTATION_CONTEXT ( 'NONE', 'WORKASPACE' ) );
#1799 = ORIENTED_EDGE ( 'NONE', *, *, #1244, .T. ) ;
#1800 = UNCERTAINTY_MEASURE_WITH_UNIT (LENGTH_MEASURE( 1.000000000000000082E-05 ), #1120, 'distance_accuracy_value', 'NONE');
#1801 = LINE ( 'NONE', #1791, #989 ) ;
#1802 = STYLED_ITEM ( 'NONE', ( #296 ), #1816 ) ;
#1803 = UNCERTAINTY_MEASURE_WITH_UNIT (LENGTH_MEASURE( 1.000000000000000082E-05 ), #451, 'distance_accuracy_value', 'NONE');
#1804 = CARTESIAN_POINT ( 'NONE',  ( -0.8199999999999999512, 4.110000000000001208, -0.9149999999999998135 ) ) ;
#1805 = ORIENTED_EDGE ( 'NONE', *, *, #1262, .F. ) ;
#1806 = EDGE_CURVE ( 'NONE', #754, #858, #285, .T. ) ;
#1807 = SURFACE_STYLE_USAGE ( .BOTH. , #1349 ) ;
#1808 = CARTESIAN_POINT ( 'NONE',  ( 0.000000000000000000, 4.110000000000001208, 3.455000000000000071 ) ) ;
#1809 = CARTESIAN_POINT ( 'NONE',  ( -1.202478773120285660E-16, 4.110000000000001208, -0.9149999999999995914 ) ) ;
#1810 =( NAMED_UNIT ( * ) PLANE_ANGLE_UNIT ( ) SI_UNIT ( $, .RADIAN. ) );
#1811 = ORIENTED_EDGE ( 'NONE', *, *, #1094, .T. ) ;
#1812 = CARTESIAN_POINT ( 'NONE',  ( 0.000000000000000000, 4.110000000000001208, 3.455000000000000071 ) ) ;
#1813 = PLANE ( 'NONE',  #846 ) ;
#1814 = LINE ( 'NONE', #1659, #394 ) ;
#1815 = DIRECTION ( 'NONE',  ( 1.000000000000000000, 0.000000000000000000, 0.000000000000000000 ) ) ;
#1816 = ADVANCED_FACE ( 'NONE', ( #559 ), #1464, .F. ) ;
#1817 = CARTESIAN_POINT ( 'NONE',  ( -1.202478773120286646E-16, 4.010000000000000675, 0.9150000000000002576 ) ) ;
#1818 =( LENGTH_UNIT ( ) NAMED_UNIT ( * ) SI_UNIT ( .MILLI., .METRE. ) );
#1819 = EDGE_CURVE ( 'NONE', #26, #1272, #1441, .T. ) ;
#1820 = CARTESIAN_POINT ( 'NONE',  ( 0.8300000000000005151, 4.010000000000000675, 2.794499999999999318 ) ) ;
#1821 = PRESENTATION_STYLE_ASSIGNMENT (( #1696 ) ) ;
#1822 = ORIENTED_EDGE ( 'NONE', *, *, #1221, .T. ) ;
#1823 = ADVANCED_FACE ( 'NONE', ( #1486 ), #1746, .F. ) ;
#1824 = ORIENTED_EDGE ( 'NONE', *, *, #182, .F. ) ;
#1825 = ORIENTED_EDGE ( 'NONE', *, *, #1720, .F. ) ;
#1826 = UNCERTAINTY_MEASURE_WITH_UNIT (LENGTH_MEASURE( 1.000000000000000082E-05 ), #1448, 'distance_accuracy_value', 'NONE');
#1827 = STYLED_ITEM ( 'NONE', ( #29 ), #172 ) ;
#1828 = ORIENTED_EDGE ( 'NONE', *, *, #9, .F. ) ;
#1829 = AXIS2_PLACEMENT_3D ( 'NONE', #1876, #538, #1123 ) ;
#1830 = DIRECTION ( 'NONE',  ( 0.000000000000000000, 0.000000000000000000, 1.000000000000000000 ) ) ;
#1831 = CARTESIAN_POINT ( 'NONE',  ( 0.000000000000000000, 4.010000000000000675, 0.000000000000000000 ) ) ;
#1832 = PRESENTATION_LAYER_ASSIGNMENT (  '', '', ( #122 ) ) ;
#1833 = FACE_OUTER_BOUND ( 'NONE', #934, .T. ) ;
#1834 = STYLED_ITEM ( 'NONE', ( #287 ), #921 ) ;
#1835 = VERTEX_POINT ( 'NONE', #37 ) ;
#1836 = CARTESIAN_POINT ( 'NONE',  ( 1.720000000000000195, 4.110000000000001208, -0.9149999999999998135 ) ) ;
#1837 =( GEOMETRIC_REPRESENTATION_CONTEXT ( 3 ) GLOBAL_UNCERTAINTY_ASSIGNED_CONTEXT ( ( #1782 ) ) GLOBAL_UNIT_ASSIGNED_CONTEXT ( ( #278, #1274, #136 ) ) REPRESENTATION_CONTEXT ( 'NONE', 'WORKASPACE' ) );
#1838 = CARTESIAN_POINT ( 'NONE',  ( 3.934999999999999165, 0.000000000000000000, -2.794500000000001094 ) ) ;
#1839 = VECTOR ( 'NONE', #1081, 1000.000000000000000 ) ;
#1840 = PRESENTATION_STYLE_ASSIGNMENT (( #74 ) ) ;
#1841 = LINE ( 'NONE', #204, #1762 ) ;
#1842 = SURFACE_STYLE_FILL_AREA ( #1055 ) ;
#1843 = FILL_AREA_STYLE_COLOUR ( '', #1357 ) ;
#1844 = DIRECTION ( 'NONE',  ( -1.000000000000000000, 0.000000000000000000, -1.707404996040164512E-16 ) ) ;
#1845 = ORIENTED_EDGE ( 'NONE', *, *, #299, .T. ) ;
#1846 = SURFACE_SIDE_STYLE ('',( #1237 ) ) ;
#1847 = EDGE_CURVE ( 'NONE', #311, #406, #1064, .T. ) ;
#1848 = DIRECTION ( 'NONE',  ( -0.000000000000000000, -1.000000000000000000, -0.000000000000000000 ) ) ;
#1849 = DIRECTION ( 'NONE',  ( -1.000000000000000000, 0.000000000000000000, -0.000000000000000000 ) ) ;
#1850 = LINE ( 'NONE', #1233, #954 ) ;
#1851 = CARTESIAN_POINT ( 'NONE',  ( 1.720000000000000195, 4.110000000000001208, -0.9149999999999998135 ) ) ;
#1852 = ORIENTED_EDGE ( 'NONE', *, *, #242, .F. ) ;
#1853 = SURFACE_STYLE_FILL_AREA ( #1271 ) ;
#1854 = PLANE ( 'NONE',  #826 ) ;
#1855 = AXIS2_PLACEMENT_3D ( 'NONE', #1152, #850, #273 ) ;
#1856 = ORIENTED_EDGE ( 'NONE', *, *, #1531, .F. ) ;
#1857 = SURFACE_STYLE_USAGE ( .BOTH. , #397 ) ;
#1858 = VECTOR ( 'NONE', #261, 1000.000000000000000 ) ;
#1859 = CARTESIAN_POINT ( 'NONE',  ( -0.8199999999999999512, 4.110000000000001208, -3.455000000000000071 ) ) ;
#1860 = COLOUR_RGB ( '',0.6666666666666666297, 0.6980392156862744724, 0.7686274509803920907 ) ;
#1861 = COLOUR_RGB ( '',0.6666666666666666297, 0.6980392156862744724, 0.7686274509803920907 ) ;
#1862 = CARTESIAN_POINT ( 'NONE',  ( -3.935000000000000941, 4.010000000000000675, -2.794500000000001094 ) ) ;
#1863 = VECTOR ( 'NONE', #1789, 1000.000000000000000 ) ;
#1864 = UNCERTAINTY_MEASURE_WITH_UNIT (LENGTH_MEASURE( 1.000000000000000082E-05 ), #503, 'distance_accuracy_value', 'NONE');
#1865 = CARTESIAN_POINT ( 'NONE',  ( 0.000000000000000000, 4.110000000000001208, 0.000000000000000000 ) ) ;
#1866 = AXIS2_PLACEMENT_3D ( 'NONE', #1326, #1184, #42 ) ;
#1867 = CARTESIAN_POINT ( 'NONE',  ( 1.720000000000000195, 4.110000000000001208, 3.455000000000000071 ) ) ;
#1868 = DIRECTION ( 'NONE',  ( -1.707404996040164512E-16, 0.000000000000000000, -1.000000000000000000 ) ) ;
#1869 = ORIENTED_EDGE ( 'NONE', *, *, #1270, .F. ) ;
#1870 = ORIENTED_EDGE ( 'NONE', *, *, #1731, .F. ) ;
#1871 = SURFACE_STYLE_FILL_AREA ( #1896 ) ;
#1872 = LINE ( 'NONE', #972, #1105 ) ;
#1873 = DIRECTION ( 'NONE',  ( 0.000000000000000000, -0.000000000000000000, 1.000000000000000000 ) ) ;
#1874 = ORIENTED_EDGE ( 'NONE', *, *, #633, .T. ) ;
#1875 = EDGE_CURVE ( 'NONE', #1369, #111, #751, .T. ) ;
#1876 = CARTESIAN_POINT ( 'NONE',  ( 3.934999999999999165, 4.010000000000000675, -2.794500000000001094 ) ) ;
#1877 = SURFACE_SIDE_STYLE ('',( #1871 ) ) ;
#1878 = EDGE_CURVE ( 'NONE', #1246, #1835, #366, .T. ) ;
#1879 = DIRECTION ( 'NONE',  ( 0.000000000000000000, 0.000000000000000000, 1.000000000000000000 ) ) ;
#1880 = CARTESIAN_POINT ( 'NONE',  ( 0.000000000000000000, 0.000000000000000000, 0.000000000000000000 ) ) ;
#1881 = FILL_AREA_STYLE_COLOUR ( '', #549 ) ;
#1882 = ORIENTED_EDGE ( 'NONE', *, *, #743, .F. ) ;
#1883 = AXIS2_PLACEMENT_3D ( 'NONE', #573, #1773, #1005 ) ;
#1884 =( GEOMETRIC_REPRESENTATION_CONTEXT ( 3 ) GLOBAL_UNCERTAINTY_ASSIGNED_CONTEXT ( ( #401 ) ) GLOBAL_UNIT_ASSIGNED_CONTEXT ( ( #779, #1379, #1563 ) ) REPRESENTATION_CONTEXT ( 'NONE', 'WORKASPACE' ) );
#1885 = ADVANCED_FACE ( 'NONE', ( #1073 ), #765, .F. ) ;
#1886 = ORIENTED_EDGE ( 'NONE', *, *, #448, .T. ) ;
#1887 =( GEOMETRIC_REPRESENTATION_CONTEXT ( 3 ) GLOBAL_UNCERTAINTY_ASSIGNED_CONTEXT ( ( #1723 ) ) GLOBAL_UNIT_ASSIGNED_CONTEXT ( ( #714, #1342, #135 ) ) REPRESENTATION_CONTEXT ( 'NONE', 'WORKASPACE' ) );
#1888 =( NAMED_UNIT ( * ) SI_UNIT ( $, .STERADIAN. ) SOLID_ANGLE_UNIT ( ) );
#1889 = STYLED_ITEM ( 'NONE', ( #1242 ), #978 ) ;
#1890 = SURFACE_SIDE_STYLE ('',( #1462 ) ) ;
#1891 = SURFACE_STYLE_FILL_AREA ( #1022 ) ;
#1892 = AXIS2_PLACEMENT_3D ( 'NONE', #1780, #885, #755 ) ;
#1893 = VERTEX_POINT ( 'NONE', #930 ) ;
#1894 = CARTESIAN_POINT ( 'NONE',  ( 0.8300000000000004041, 4.110000000000001208, 3.455000000000000071 ) ) ;
#1895 =( NAMED_UNIT ( * ) SI_UNIT ( $, .STERADIAN. ) SOLID_ANGLE_UNIT ( ) );
#1896 = FILL_AREA_STYLE ('',( #1297 ) ) ;
#1897 =( NAMED_UNIT ( * ) SI_UNIT ( $, .STERADIAN. ) SOLID_ANGLE_UNIT ( ) );
#1898 = FACE_OUTER_BOUND ( 'NONE', #47, .T. ) ;
#1899 = EDGE_CURVE ( 'NONE', #838, #260, #452, .T. ) ;
#1900 =( LENGTH_UNIT ( ) NAMED_UNIT ( * ) SI_UNIT ( .MILLI., .METRE. ) );
#1901 = ORIENTED_EDGE ( 'NONE', *, *, #1221, .F. ) ;
#1902 = DIRECTION ( 'NONE',  ( -1.000000000000000000, -0.000000000000000000, -0.000000000000000000 ) ) ;
#1903 =( NAMED_UNIT ( * ) PLANE_ANGLE_UNIT ( ) SI_UNIT ( $, .RADIAN. ) );
#1904 = PRESENTATION_STYLE_ASSIGNMENT (( #1475 ) ) ;
#1905 = SURFACE_STYLE_FILL_AREA ( #276 ) ;
#1906 = DIRECTION ( 'NONE',  ( 0.000000000000000000, -0.000000000000000000, 1.000000000000000000 ) ) ;
#1907 = DIRECTION ( 'NONE',  ( 1.000000000000000000, -0.000000000000000000, 0.000000000000000000 ) ) ;
#1908 = ORIENTED_EDGE ( 'NONE', *, *, #660, .F. ) ;
#1909 = PRODUCT_RELATED_PRODUCT_CATEGORY ( 'part', '', ( #1452 ) ) ;
#1910 = EDGE_CURVE ( 'NONE', #1581, #191, #1642, .T. ) ;
#1911 = SURFACE_STYLE_FILL_AREA ( #258 ) ;
#1912 = FILL_AREA_STYLE ('',( #1617 ) ) ;
ENDSEC;
END-ISO-10303-21;
